ï»¿2026-09-15T17:43:23.7315266Z Current runner version: '2.337.0'
2026-09-15T17:43:23.7332947Z ##[group]Runner Image Provisioner
2026-09-15T17:43:23.7333542Z Hosted Compute Agent
2026-09-15T17:43:23.7333944Z Version: 20260828.587
2026-09-15T17:43:23.7334312Z Commit: abac92662cab4cc7352de4f9f9d2e2419aad9c29
2026-09-15T17:43:23.7334732Z Build Date: 2026-08-28T16:44:25Z
2026-09-15T17:43:23.7335196Z Worker ID: {46d2ce40-a98c-43df-808f-f2b5e3747264}
2026-09-15T17:43:23.7335635Z Azure Region: westus3
2026-09-15T17:43:23.7335991Z ##[endgroup]
2026-09-15T17:43:23.7336804Z ##[group]Operating System
2026-09-15T17:43:23.7337159Z Ubuntu
2026-09-15T17:43:23.7337537Z 24.04.5
2026-09-15T17:43:23.7337868Z LTS
2026-09-15T17:43:23.7338329Z ##[endgroup]
2026-09-15T17:43:23.7338712Z ##[group]Runner Image
2026-09-15T17:43:23.7339067Z Image: ubuntu-24.04
2026-09-15T17:43:23.7339431Z Version: 20260907.300.1
2026-09-15T17:43:23.7340383Z Included Software: https://github.com/actions/runner-images/blob/ubuntu24/20260907.300/images/ubuntu/Ubuntu2404-Readme.md
2026-09-15T17:43:23.7341269Z Image Release: https://github.com/actions/runner-images/releases/tag/ubuntu24%2F20260907.300
2026-09-15T17:43:23.7341804Z ##[endgroup]
2026-09-15T17:43:23.7342578Z ##[group]GITHUB_TOKEN Permissions
2026-09-15T17:43:23.7343972Z Contents: read
2026-09-15T17:43:23.7344358Z Metadata: read
2026-09-15T17:43:23.7344691Z Packages: read
2026-09-15T17:43:23.7345306Z ##[endgroup]
2026-09-15T17:43:23.7346693Z Secret source: Actions
2026-09-15T17:43:23.7347261Z Cache mode: write
2026-09-15T17:43:23.7347742Z Prepare workflow directory
2026-09-15T17:43:23.7549452Z Prepare all required actions
2026-09-15T17:43:23.7580287Z Getting action download info
2026-09-15T17:43:24.0419419Z Download action repository 'actions/checkout@v4' (SHA:11d5960a326750d5838078e36cf38b85af677262)
2026-09-15T17:43:24.1473390Z Download action repository 'actions/setup-python@v5' (SHA:a26af69be951a213d495a4c3e4e4022e16d87065)
2026-09-15T17:43:24.3065236Z Complete job name: publish-reel
2026-09-15T17:43:24.3542162Z Node 20 is being deprecated. This workflow is running with Node 24 by default. If you need to temporarily use Node 20, you can set the ACTIONS_ALLOW_USE_UNSECURE_NODE_VERSION=true environment variable. For more information see: https://github.blog/changelog/2025-09-19-deprecation-of-node-20-on-github-actions-runners/
2026-09-15T17:43:24.3547609Z ##[group]Run actions/checkout@v4
2026-09-15T17:43:24.3547974Z with:
2026-09-15T17:43:24.3548275Z   repository: shamith201119-ship-it/blackman-antigravity
2026-09-15T17:43:24.3550733Z   token: ***
2026-09-15T17:43:24.3550969Z   ssh-strict: true
2026-09-15T17:43:24.3551213Z   ssh-user: git
2026-09-15T17:43:24.3551464Z   persist-credentials: true
2026-09-15T17:43:24.3551738Z   clean: true
2026-09-15T17:43:24.3551989Z   sparse-checkout-cone-mode: true
2026-09-15T17:43:24.3552281Z   fetch-depth: 1
2026-09-15T17:43:24.3552523Z   fetch-tags: false
2026-09-15T17:43:24.3552773Z   show-progress: true
2026-09-15T17:43:24.3553021Z   lfs: false
2026-09-15T17:43:24.3553281Z   submodules: false
2026-09-15T17:43:24.3553533Z   set-safe-directory: true
2026-09-15T17:43:24.3553819Z   allow-unsafe-pr-checkout: false
2026-09-15T17:43:24.3554205Z ##[endgroup]
2026-09-15T17:43:24.4234741Z Syncing repository: shamith201119-ship-it/blackman-antigravity
2026-09-15T17:43:24.4236547Z ##[group]Getting Git version info
2026-09-15T17:43:24.4237304Z Working directory is '/home/runner/work/blackman-antigravity/blackman-antigravity'
2026-09-15T17:43:24.4238420Z [command]/usr/bin/git version
2026-09-15T17:43:24.4315465Z git version 2.55.0
2026-09-15T17:43:24.4331080Z ##[endgroup]
2026-09-15T17:43:24.4341872Z Temporarily overriding HOME='/home/runner/work/_temp/fb9d061b-bb2a-48a5-845c-750f0252949a' before making global git config changes
2026-09-15T17:43:24.4343133Z Adding repository directory to the temporary git global config as a safe directory
2026-09-15T17:43:24.4350421Z [command]/usr/bin/git config --global --add safe.directory /home/runner/work/blackman-antigravity/blackman-antigravity
2026-09-15T17:43:24.4394160Z Deleting the contents of '/home/runner/work/blackman-antigravity/blackman-antigravity'
2026-09-15T17:43:24.4397402Z ##[group]Initializing the repository
2026-09-15T17:43:24.4400660Z [command]/usr/bin/git init /home/runner/work/blackman-antigravity/blackman-antigravity
2026-09-15T17:43:24.4518844Z hint: Using 'master' as the name for the initial branch. This default branch name
2026-09-15T17:43:24.4519793Z hint: will change to "main" in Git 3.0. To configure the initial branch name
2026-09-15T17:43:24.4520888Z hint: to use in all of your new repositories, which will suppress this warning,
2026-09-15T17:43:24.4521476Z hint: call:
2026-09-15T17:43:24.4521705Z hint:
2026-09-15T17:43:24.4522119Z hint: 	git config --global init.defaultBranch <name>
2026-09-15T17:43:24.4522654Z hint:
2026-09-15T17:43:24.4523150Z hint: Names commonly chosen instead of 'master' are 'main', 'trunk' and
2026-09-15T17:43:24.4524022Z hint: 'development'. The just-created branch can be renamed via this command:
2026-09-15T17:43:24.4524706Z hint:
2026-09-15T17:43:24.4525058Z hint: 	git branch -m <name>
2026-09-15T17:43:24.4525454Z hint:
2026-09-15T17:43:24.4525981Z hint: Disable this message with "git config set advice.defaultBranchName false"
2026-09-15T17:43:24.4526996Z Initialized empty Git repository in /home/runner/work/blackman-antigravity/blackman-antigravity/.git/
2026-09-15T17:43:24.4531785Z [command]/usr/bin/git remote add origin https://github.com/shamith201119-ship-it/blackman-antigravity
2026-09-15T17:43:24.4584833Z ##[endgroup]
2026-09-15T17:43:24.4585510Z ##[group]Disabling automatic garbage collection
2026-09-15T17:43:24.4586110Z [command]/usr/bin/git config --local gc.auto 0
2026-09-15T17:43:24.4615512Z ##[endgroup]
2026-09-15T17:43:24.4616179Z ##[group]Setting up auth
2026-09-15T17:43:24.4621531Z [command]/usr/bin/git config --local --name-only --get-regexp core\.sshCommand
2026-09-15T17:43:24.4653896Z [command]/usr/bin/git submodule foreach --recursive sh -c "git config --local --name-only --get-regexp 'core\.sshCommand' && git config --local --unset-all 'core.sshCommand' || :"
2026-09-15T17:43:24.5007188Z [command]/usr/bin/git config --local --name-only --get-regexp http\.https\:\/\/github\.com\/\.extraheader
2026-09-15T17:43:24.5037468Z [command]/usr/bin/git submodule foreach --recursive sh -c "git config --local --name-only --get-regexp 'http\.https\:\/\/github\.com\/\.extraheader' && git config --local --unset-all 'http.https://github.com/.extraheader' || :"
2026-09-15T17:43:24.5219857Z [command]/usr/bin/git config --local --name-only --get-regexp ^includeIf\.gitdir:
2026-09-15T17:43:24.5249247Z [command]/usr/bin/git submodule foreach --recursive git config --local --show-origin --name-only --get-regexp remote.origin.url
2026-09-15T17:43:24.5431429Z [command]/usr/bin/git config --local http.https://github.com/.extraheader AUTHORIZATION: basic ***
2026-09-15T17:43:24.5497348Z ##[endgroup]
2026-09-15T17:43:24.5498045Z ##[group]Fetching the repository
2026-09-15T17:43:24.5505470Z [command]/usr/bin/git -c protocol.version=2 fetch --no-tags --prune --no-recurse-submodules --depth=1 origin +1a14c91f4932ba7ab0cbc609178dca553057b126:refs/remotes/origin/main
2026-09-15T17:43:27.2730578Z From https://github.com/shamith201119-ship-it/blackman-antigravity
2026-09-15T17:43:27.2732220Z  * [new ref]         1a14c91f4932ba7ab0cbc609178dca553057b126 -> origin/main
2026-09-15T17:43:27.2734979Z ##[endgroup]
2026-09-15T17:43:27.2735948Z ##[group]Determining the checkout info
2026-09-15T17:43:27.2736989Z ##[endgroup]
2026-09-15T17:43:27.2740143Z [command]/usr/bin/git sparse-checkout disable
2026-09-15T17:43:27.2786243Z [command]/usr/bin/git config --local --unset-all extensions.worktreeConfig
2026-09-15T17:43:27.2812745Z ##[group]Checking out the ref
2026-09-15T17:43:27.2815640Z [command]/usr/bin/git checkout --progress --force -B main refs/remotes/origin/main
2026-09-15T17:43:27.3517331Z Switched to a new branch 'main'
2026-09-15T17:43:27.3520464Z branch 'main' set up to track 'origin/main'.
2026-09-15T17:43:27.3526043Z ##[endgroup]
2026-09-15T17:43:27.3564600Z [command]/usr/bin/git log -1 --format=%H
2026-09-15T17:43:27.3586141Z 1a14c91f4932ba7ab0cbc609178dca553057b126
2026-09-15T17:43:27.3841671Z Node 20 is being deprecated. This workflow is running with Node 24 by default. If you need to temporarily use Node 20, you can set the ACTIONS_ALLOW_USE_UNSECURE_NODE_VERSION=true environment variable. For more information see: https://github.blog/changelog/2025-09-19-deprecation-of-node-20-on-github-actions-runners/
2026-09-15T17:43:27.3845127Z ##[group]Run actions/setup-python@v5
2026-09-15T17:43:27.3845817Z with:
2026-09-15T17:43:27.3846344Z   python-version: 3.12
2026-09-15T17:43:27.3846938Z   check-latest: false
2026-09-15T17:43:27.3852235Z   token: ***
2026-09-15T17:43:27.3852788Z   update-environment: true
2026-09-15T17:43:27.3853422Z   allow-prereleases: false
2026-09-15T17:43:27.3854045Z   freethreaded: false
2026-09-15T17:43:27.3854607Z ##[endgroup]
2026-09-15T17:43:27.4680416Z ##[group]Installed versions
2026-09-15T17:43:27.5230938Z (node:2013) [DEP0040] DeprecationWarning: The `punycode` module is deprecated. Please use a userland alternative instead.
2026-09-15T17:43:27.5233091Z (Use `node --trace-deprecation ...` to show where the warning was created)
2026-09-15T17:43:27.5234561Z Successfully set up CPython (3.12.14)
2026-09-15T17:43:27.5236139Z ##[endgroup]
2026-09-15T17:43:27.5398386Z ##[group]Run sudo apt-get update
2026-09-15T17:43:27.5399301Z [36;1msudo apt-get update[0m
2026-09-15T17:43:27.5400318Z [36;1msudo apt-get install -y ffmpeg imagemagick[0m
2026-09-15T17:43:27.5401362Z [36;1m# Fix ImageMagick security policy for text rendering[0m
2026-09-15T17:43:27.5402916Z [36;1msudo sed -i 's/rights="none" pattern="PDF"/rights="read|write" pattern="PDF"/' /etc/ImageMagick-6/policy.xml || true[0m
2026-09-15T17:43:27.5404866Z [36;1msudo sed -i '/<policy domain="coder" rights="none" pattern="[A-Z]*"/d' /etc/ImageMagick-6/policy.xml || true[0m
2026-09-15T17:43:27.5469430Z shell: /usr/bin/bash -e {0}
2026-09-15T17:43:27.5470333Z env:
2026-09-15T17:43:27.5471050Z   pythonLocation: /opt/hostedtoolcache/Python/3.12.14/x64
2026-09-15T17:43:27.5472161Z   PKG_CONFIG_PATH: /opt/hostedtoolcache/Python/3.12.14/x64/lib/pkgconfig
2026-09-15T17:43:27.5474039Z   Python_ROOT_DIR: /opt/hostedtoolcache/Python/3.12.14/x64
2026-09-15T17:43:27.5475092Z   Python2_ROOT_DIR: /opt/hostedtoolcache/Python/3.12.14/x64
2026-09-15T17:43:27.5530096Z   Python3_ROOT_DIR: /opt/hostedtoolcache/Python/3.12.14/x64
2026-09-15T17:43:27.5531238Z   LD_LIBRARY_PATH: /opt/hostedtoolcache/Python/3.12.14/x64/lib
2026-09-15T17:43:27.5532116Z ##[endgroup]
2026-09-15T17:43:27.6495583Z Get:1 file:/etc/apt/apt-mirrors.txt Mirrorlist [144 B]
2026-09-15T17:43:27.6999156Z Hit:2 http://azure.archive.ubuntu.com/ubuntu noble InRelease
2026-09-15T17:43:27.7009161Z Get:3 http://azure.archive.ubuntu.com/ubuntu noble-updates InRelease [126 kB]
2026-09-15T17:43:27.7047793Z Get:4 http://azure.archive.ubuntu.com/ubuntu noble-backports InRelease [126 kB]
2026-09-15T17:43:27.7068141Z Get:5 http://azure.archive.ubuntu.com/ubuntu noble-security InRelease [126 kB]
2026-09-15T17:43:27.7387873Z Get:6 https://dl.google.com/linux/chrome-stable/deb stable InRelease [2548 B]
2026-09-15T17:43:27.7731278Z Get:7 https://packages.microsoft.com/ubuntu/24.04/prod noble InRelease [3600 B]
2026-09-15T17:43:27.8509837Z Get:8 http://azure.archive.ubuntu.com/ubuntu noble-updates/main amd64 Packages [1263 kB]
2026-09-15T17:43:27.8623495Z Get:9 http://azure.archive.ubuntu.com/ubuntu noble-updates/main Translation-en [292 kB]
2026-09-15T17:43:27.8640045Z Get:10 http://azure.archive.ubuntu.com/ubuntu noble-updates/main amd64 Components [181 kB]
2026-09-15T17:43:27.8655468Z Get:11 http://azure.archive.ubuntu.com/ubuntu noble-updates/universe amd64 Packages [1686 kB]
2026-09-15T17:43:27.8714148Z Get:12 http://azure.archive.ubuntu.com/ubuntu noble-updates/universe Translation-en [337 kB]
2026-09-15T17:43:27.8735463Z Get:13 http://azure.archive.ubuntu.com/ubuntu noble-updates/universe amd64 Components [388 kB]
2026-09-15T17:43:27.8757419Z Get:14 http://azure.archive.ubuntu.com/ubuntu noble-updates/restricted amd64 Packages [1550 kB]
2026-09-15T17:43:27.8816549Z Get:15 http://azure.archive.ubuntu.com/ubuntu noble-updates/restricted Translation-en [355 kB]
2026-09-15T17:43:27.8836546Z Get:16 http://azure.archive.ubuntu.com/ubuntu noble-updates/multiverse amd64 Packages [45.7 kB]
2026-09-15T17:43:27.8846732Z Get:17 http://azure.archive.ubuntu.com/ubuntu noble-updates/multiverse Translation-en [12.8 kB]
2026-09-15T17:43:27.9317937Z Get:18 http://azure.archive.ubuntu.com/ubuntu noble-updates/multiverse amd64 Components [940 B]
2026-09-15T17:43:27.9332222Z Get:19 http://azure.archive.ubuntu.com/ubuntu noble-backports/main amd64 Components [5772 B]
2026-09-15T17:43:27.9341178Z Get:20 http://azure.archive.ubuntu.com/ubuntu noble-backports/universe amd64 Components [12.6 kB]
2026-09-15T17:43:27.9351880Z Get:21 http://azure.archive.ubuntu.com/ubuntu noble-security/main amd64 Packages [1007 kB]
2026-09-15T17:43:27.9391859Z Get:22 http://azure.archive.ubuntu.com/ubuntu noble-security/main Translation-en [213 kB]
2026-09-15T17:43:27.9408244Z Get:23 http://azure.archive.ubuntu.com/ubuntu noble-security/main amd64 Components [46.4 kB]
2026-09-15T17:43:27.9424962Z Get:24 http://azure.archive.ubuntu.com/ubuntu noble-security/universe amd64 Packages [1207 kB]
2026-09-15T17:43:27.9476560Z Get:25 http://azure.archive.ubuntu.com/ubuntu noble-security/universe Translation-en [242 kB]
2026-09-15T17:43:27.9492729Z Get:26 http://azure.archive.ubuntu.com/ubuntu noble-security/universe amd64 Components [76.3 kB]
2026-09-15T17:43:27.9505602Z Get:27 http://azure.archive.ubuntu.com/ubuntu noble-security/restricted amd64 Packages [1445 kB]
2026-09-15T17:43:27.9558671Z Get:28 http://azure.archive.ubuntu.com/ubuntu noble-security/restricted Translation-en [336 kB]
2026-09-15T17:43:28.0075664Z Get:29 https://packages.microsoft.com/ubuntu/24.04/prod noble/main amd64 Packages [464 kB]
2026-09-15T17:43:28.0129914Z Get:30 https://packages.microsoft.com/ubuntu/24.04/prod noble/main arm64 Packages [415 kB]
2026-09-15T17:43:28.0982275Z Get:31 https://dl.google.com/linux/chrome-stable/deb stable/main amd64 Packages [1415 B]
2026-09-15T17:43:32.9288601Z Fetched 12.0 MB in 1s (11.4 MB/s)
2026-09-15T17:43:33.4567013Z Reading package lists...
2026-09-15T17:43:33.4814995Z Reading package lists...
2026-09-15T17:43:33.6525559Z Building dependency tree...
2026-09-15T17:43:33.6530909Z Reading state information...
2026-09-15T17:43:33.7844325Z The following additional packages will be installed:
2026-09-15T17:43:33.7845123Z   fonts-droid-fallback fonts-noto-mono fonts-urw-base35 ghostscript
2026-09-15T17:43:33.7845928Z   i965-va-driver imagemagick-6.q16 intel-media-va-driver libaacs0 libass9
2026-09-15T17:43:33.7846720Z   libasyncns0 libavc1394-0 libavcodec60 libavdevice60 libavfilter9
2026-09-15T17:43:33.7847394Z   libavformat60 libavutil58 libbdplus0 libblas3 libbluray2 libbs2b0 libcaca0
2026-09-15T17:43:33.7848105Z   libcdio-cdda2t64 libcdio-paranoia2t64 libcdio19t64 libchromaprint1 libcjson1
2026-09-15T17:43:33.7848886Z   libcodec2-1.2 libdav1d7 libdc1394-25 libdecor-0-0 libdecor-0-plugin-1-gtk
2026-09-15T17:43:33.7849788Z   libdjvulibre-text libdjvulibre21 libflac12t64 libflite1 libgme0 libgs-common
2026-09-15T17:43:33.7850393Z   libgs10 libgs10-common libgsm1 libhwy1t64 libidn12 libiec61883-0 libigdgmm12
2026-09-15T17:43:33.7851050Z   libijs-0.35 libimath-3-1-29t64 libjack-jackd2-0 libjbig2dec0 libjxl0.7
2026-09-15T17:43:33.7851625Z   libjxr-tools libjxr0t64 liblapack3 liblilv-0-0 libmagickcore-6.q16-7-extra
2026-09-15T17:43:33.7852192Z   libmbedcrypto7t64 libmp3lame0 libmpg123-0t64 libmysofa1 libnetpbm11t64
2026-09-15T17:43:33.7852713Z   libopenal-data libopenal1 libopenexr-3-1-30 libopenmpt0t64 libopus0
2026-09-15T17:43:33.7853230Z   libpaper-utils libpaper1 libplacebo338 libpocketsphinx3 libpostproc57
2026-09-15T17:43:33.7853774Z   libpulse0 librav1e0 libraw1394-11 librist4 librsvg2-2 librsvg2-common
2026-09-15T17:43:33.7854290Z   librubberband2 libsamplerate0 libsdl2-2.0-0 libserd-0-0 libshine3
2026-09-15T17:43:33.7855416Z   libsndfile1 libsndio7.0 libsord-0-0 libsoxr0 libspeex1 libsphinxbase3t64
2026-09-15T17:43:33.7855931Z   libsratom-0-0 libsrt1.5-gnutls libssh-gcrypt-4 libsvtav1enc1d1
2026-09-15T17:43:33.7856475Z   libswresample4 libswscale7 libtheora0 libtwolame0 libudfread0 libunibreak5
2026-09-15T17:43:33.7856977Z   libva-drm2 libva-x11-2 libva2 libvdpau1 libvidstab1.1 libvorbisenc2 libvpl2
2026-09-15T17:43:33.7857403Z   libvpx9 libwmflite-0.2-7 libx264-164 libx265-199 libxcb-shape0 libxv1
2026-09-15T17:43:33.7857840Z   libxvidcore4 libzimg2 libzix-0-0 libzvbi-common libzvbi0t64 mesa-va-drivers
2026-09-15T17:43:33.7858182Z   mesa-vdpau-drivers netpbm ocl-icd-libopencl1 pocketsphinx-en-us poppler-data
2026-09-15T17:43:33.7858492Z   va-driver-all vdpau-driver-all xfonts-encodings xfonts-utils
2026-09-15T17:43:33.7858836Z Suggested packages:
2026-09-15T17:43:33.7859113Z   ffmpeg-doc fonts-noto fonts-freefont-otf | fonts-freefont-ttf fonts-texgyre
2026-09-15T17:43:33.7859434Z   texlive-binaries i965-va-driver-shaders imagemagick-6-doc autotrace cups-bsd
2026-09-15T17:43:33.7859926Z   | lpr | lprng enscript gimp gnuplot grads graphviz hp2xx html2ps libwmf-bin
2026-09-15T17:43:33.7860272Z   mplayer povray radiance sane-utils texlive-base-bin transfig libraw-bin
2026-09-15T17:43:33.7860982Z   libcuda1 libnvcuvid1 libnvidia-encode1 libbluray-bdj jackd2 inkscape
2026-09-15T17:43:33.7861291Z   libportaudio2 opus-tools pulseaudio libraw1394-doc librsvg2-bin serdi sndiod
2026-09-15T17:43:33.7861582Z   sordi speex opencl-icd poppler-utils fonts-japanese-mincho
2026-09-15T17:43:33.7861867Z   | fonts-ipafont-mincho fonts-japanese-gothic | fonts-ipafont-gothic
2026-09-15T17:43:33.7862153Z   fonts-arphic-ukai fonts-arphic-uming fonts-nanum libvdpau-va-gl1
2026-09-15T17:43:33.8331068Z The following NEW packages will be installed:
2026-09-15T17:43:33.8331676Z   ffmpeg fonts-droid-fallback fonts-noto-mono fonts-urw-base35 ghostscript
2026-09-15T17:43:33.8332272Z   i965-va-driver imagemagick imagemagick-6.q16 intel-media-va-driver libaacs0
2026-09-15T17:43:33.8332914Z   libass9 libasyncns0 libavc1394-0 libavcodec60 libavdevice60 libavfilter9
2026-09-15T17:43:33.8333499Z   libavformat60 libavutil58 libbdplus0 libblas3 libbluray2 libbs2b0 libcaca0
2026-09-15T17:43:33.8334092Z   libcdio-cdda2t64 libcdio-paranoia2t64 libcdio19t64 libchromaprint1 libcjson1
2026-09-15T17:43:33.8334660Z   libcodec2-1.2 libdav1d7 libdc1394-25 libdecor-0-0 libdecor-0-plugin-1-gtk
2026-09-15T17:43:33.8335233Z   libdjvulibre-text libdjvulibre21 libflac12t64 libflite1 libgme0 libgs-common
2026-09-15T17:43:33.8335771Z   libgs10 libgs10-common libgsm1 libhwy1t64 libidn12 libiec61883-0 libigdgmm12
2026-09-15T17:43:33.8336367Z   libijs-0.35 libimath-3-1-29t64 libjack-jackd2-0 libjbig2dec0 libjxl0.7
2026-09-15T17:43:33.8336912Z   libjxr-tools libjxr0t64 liblapack3 liblilv-0-0 libmagickcore-6.q16-7-extra
2026-09-15T17:43:33.8337475Z   libmbedcrypto7t64 libmp3lame0 libmpg123-0t64 libmysofa1 libnetpbm11t64
2026-09-15T17:43:33.8338013Z   libopenal-data libopenal1 libopenexr-3-1-30 libopenmpt0t64 libopus0
2026-09-15T17:43:33.8338577Z   libpaper-utils libpaper1 libplacebo338 libpocketsphinx3 libpostproc57
2026-09-15T17:43:33.8339121Z   libpulse0 librav1e0 libraw1394-11 librist4 librsvg2-2 librsvg2-common
2026-09-15T17:43:33.8339868Z   librubberband2 libsamplerate0 libsdl2-2.0-0 libserd-0-0 libshine3
2026-09-15T17:43:33.8340384Z   libsndfile1 libsndio7.0 libsord-0-0 libsoxr0 libspeex1 libsphinxbase3t64
2026-09-15T17:43:33.8340900Z   libsratom-0-0 libsrt1.5-gnutls libssh-gcrypt-4 libsvtav1enc1d1
2026-09-15T17:43:33.8341440Z   libswresample4 libswscale7 libtheora0 libtwolame0 libudfread0 libunibreak5
2026-09-15T17:43:33.8342027Z   libva-drm2 libva-x11-2 libva2 libvdpau1 libvidstab1.1 libvorbisenc2 libvpl2
2026-09-15T17:43:33.8342583Z   libvpx9 libwmflite-0.2-7 libx264-164 libx265-199 libxcb-shape0 libxv1
2026-09-15T17:43:33.8343162Z   libxvidcore4 libzimg2 libzix-0-0 libzvbi-common libzvbi0t64 mesa-va-drivers
2026-09-15T17:43:33.8343787Z   mesa-vdpau-drivers netpbm ocl-icd-libopencl1 pocketsphinx-en-us poppler-data
2026-09-15T17:43:33.8344814Z   va-driver-all vdpau-driver-all xfonts-encodings xfonts-utils
2026-09-15T17:43:33.8546014Z 0 upgraded, 126 newly installed, 0 to remove and 64 not upgraded.
2026-09-15T17:43:33.8546471Z Need to get 119 MB of archives.
2026-09-15T17:43:33.8546887Z After this operation, 313 MB of additional disk space will be used.
2026-09-15T17:43:33.8547293Z Get:1 file:/etc/apt/apt-mirrors.txt Mirrorlist [144 B]
2026-09-15T17:43:33.9275549Z Get:2 http://azure.archive.ubuntu.com/ubuntu noble/main amd64 fonts-droid-fallback all 1:6.0.1r16-1.1build1 [1805 kB]
2026-09-15T17:43:33.9839237Z Get:3 http://azure.archive.ubuntu.com/ubuntu noble/main amd64 poppler-data all 0.4.12-1 [2060 kB]
2026-09-15T17:43:34.0428713Z Get:4 http://azure.archive.ubuntu.com/ubuntu noble-updates/universe amd64 libva2 amd64 2.20.0-2ubuntu0.2 [66.4 kB]
2026-09-15T17:43:34.0896760Z Get:5 http://azure.archive.ubuntu.com/ubuntu noble-updates/universe amd64 libva-drm2 amd64 2.20.0-2ubuntu0.2 [7124 B]
2026-09-15T17:43:34.1357535Z Get:6 http://azure.archive.ubuntu.com/ubuntu noble-updates/universe amd64 libva-x11-2 amd64 2.20.0-2ubuntu0.2 [12.0 kB]
2026-09-15T17:43:34.1823225Z Get:7 http://azure.archive.ubuntu.com/ubuntu noble/main amd64 libvdpau1 amd64 1.5-2build1 [27.8 kB]
2026-09-15T17:43:34.2286943Z Get:8 http://azure.archive.ubuntu.com/ubuntu noble/universe amd64 libvpl2 amd64 2023.3.0-1build1 [99.8 kB]
2026-09-15T17:43:34.2752386Z Get:9 http://azure.archive.ubuntu.com/ubuntu noble/universe amd64 ocl-icd-libopencl1 amd64 2.3.2-1build1 [38.5 kB]
2026-09-15T17:43:34.3206067Z Get:10 http://azure.archive.ubuntu.com/ubuntu noble/universe amd64 libavutil58 amd64 7:6.1.1-3ubuntu5 [401 kB]
2026-09-15T17:43:34.3675778Z Get:11 http://azure.archive.ubuntu.com/ubuntu noble/universe amd64 libcodec2-1.2 amd64 1.2.0-2build1 [8998 kB]
2026-09-15T17:43:34.5524579Z Get:12 http://azure.archive.ubuntu.com/ubuntu noble/universe amd64 libdav1d7 amd64 1.4.1-1build1 [604 kB]
2026-09-15T17:43:34.6062602Z Get:13 http://azure.archive.ubuntu.com/ubuntu noble/universe amd64 libgsm1 amd64 1.0.22-1build1 [27.8 kB]
2026-09-15T17:43:34.6520966Z Get:14 http://azure.archive.ubuntu.com/ubuntu noble/universe amd64 libhwy1t64 amd64 1.0.7-8.1build1 [584 kB]
2026-09-15T17:43:34.7007906Z Get:15 http://azure.archive.ubuntu.com/ubuntu noble-updates/universe amd64 libjxl0.7 amd64 0.7.0-10.2ubuntu6.1 [1001 kB]
2026-09-15T17:43:34.7623651Z Get:16 http://azure.archive.ubuntu.com/ubuntu noble/main amd64 libmp3lame0 amd64 3.100-6build1 [142 kB]
2026-09-15T17:43:34.8085922Z Get:17 http://azure.archive.ubuntu.com/ubuntu noble/main amd64 libopus0 amd64 1.4-1build1 [208 kB]
2026-09-15T17:43:34.8600172Z Get:18 http://azure.archive.ubuntu.com/ubuntu noble/universe amd64 librav1e0 amd64 0.7.1-2 [1022 kB]
2026-09-15T17:43:34.9126171Z Get:19 http://azure.archive.ubuntu.com/ubuntu noble/main amd64 librsvg2-2 amd64 2.58.0+dfsg-1build1 [2135 kB]
2026-09-15T17:43:35.0748323Z Get:20 http://azure.archive.ubuntu.com/ubuntu noble/universe amd64 libshine3 amd64 3.1.1-2build1 [23.2 kB]
2026-09-15T17:43:35.1202844Z Get:21 http://azure.archive.ubuntu.com/ubuntu noble-updates/main amd64 libspeex1 amd64 1.2.1-2ubuntu2.24.04.1 [59.6 kB]
2026-09-15T17:43:35.1663599Z Get:22 http://azure.archive.ubuntu.com/ubuntu noble/universe amd64 libsvtav1enc1d1 amd64 1.7.0+dfsg-2build1 [2425 kB]
2026-09-15T17:43:35.2243037Z Get:23 http://azure.archive.ubuntu.com/ubuntu noble/universe amd64 libsoxr0 amd64 0.1.3-4build3 [80.0 kB]
2026-09-15T17:43:35.2710394Z Get:24 http://azure.archive.ubuntu.com/ubuntu noble/universe amd64 libswresample4 amd64 7:6.1.1-3ubuntu5 [63.8 kB]
2026-09-15T17:43:35.3169072Z Get:25 http://azure.archive.ubuntu.com/ubuntu noble/main amd64 libtheora0 amd64 1.1.1+dfsg.1-16.1build3 [211 kB]
2026-09-15T17:43:35.3660269Z Get:26 http://azure.archive.ubuntu.com/ubuntu noble/main amd64 libtwolame0 amd64 0.4.0-2build3 [52.3 kB]
2026-09-15T17:43:35.4125120Z Get:27 http://azure.archive.ubuntu.com/ubuntu noble/main amd64 libvorbisenc2 amd64 1.3.7-1build3 [80.8 kB]
2026-09-15T17:43:35.4599778Z Get:28 http://azure.archive.ubuntu.com/ubuntu noble-updates/main amd64 libvpx9 amd64 1.14.0-1ubuntu2.3 [1143 kB]
2026-09-15T17:43:35.5116134Z Get:29 http://azure.archive.ubuntu.com/ubuntu noble/universe amd64 libx264-164 amd64 2:0.164.3108+git31e19f9-1 [604 kB]
2026-09-15T17:43:35.5614963Z Get:30 http://azure.archive.ubuntu.com/ubuntu noble/universe amd64 libx265-199 amd64 3.5-2build1 [1226 kB]
2026-09-15T17:43:35.6132966Z Get:31 http://azure.archive.ubuntu.com/ubuntu noble/universe amd64 libxvidcore4 amd64 2:1.3.7-1build1 [219 kB]
2026-09-15T17:43:35.6596571Z Get:32 http://azure.archive.ubuntu.com/ubuntu noble/universe amd64 libzvbi-common all 0.2.42-2 [42.4 kB]
2026-09-15T17:43:35.7051856Z Get:33 http://azure.archive.ubuntu.com/ubuntu noble/universe amd64 libzvbi0t64 amd64 0.2.42-2 [261 kB]
2026-09-15T17:43:35.7512840Z Get:34 http://azure.archive.ubuntu.com/ubuntu noble/universe amd64 libavcodec60 amd64 7:6.1.1-3ubuntu5 [5851 kB]
2026-09-15T17:43:35.8876424Z Get:35 http://azure.archive.ubuntu.com/ubuntu noble/main amd64 libraw1394-11 amd64 2.1.2-2build3 [26.2 kB]
2026-09-15T17:43:35.9327542Z Get:36 http://azure.archive.ubuntu.com/ubuntu noble/main amd64 libavc1394-0 amd64 0.5.4-5build3 [15.4 kB]
2026-09-15T17:43:35.9781520Z Get:37 http://azure.archive.ubuntu.com/ubuntu noble/universe amd64 libunibreak5 amd64 5.1-2build1 [25.0 kB]
2026-09-15T17:43:36.0232154Z Get:38 http://azure.archive.ubuntu.com/ubuntu noble/universe amd64 libass9 amd64 1:0.17.1-2build1 [104 kB]
2026-09-15T17:43:36.0693041Z Get:39 http://azure.archive.ubuntu.com/ubuntu noble/universe amd64 libudfread0 amd64 1.1.2-1build1 [19.0 kB]
2026-09-15T17:43:36.1150321Z Get:40 http://azure.archive.ubuntu.com/ubuntu noble/universe amd64 libbluray2 amd64 1:1.3.4-1build1 [159 kB]
2026-09-15T17:43:36.1613421Z Get:41 http://azure.archive.ubuntu.com/ubuntu noble/universe amd64 libchromaprint1 amd64 1.5.1-5 [30.5 kB]
2026-09-15T17:43:36.2072413Z Get:42 http://azure.archive.ubuntu.com/ubuntu noble/universe amd64 libgme0 amd64 0.6.3-7build1 [134 kB]
2026-09-15T17:43:36.2533786Z Get:43 http://azure.archive.ubuntu.com/ubuntu noble-updates/main amd64 libmpg123-0t64 amd64 1.32.5-1ubuntu1.1 [169 kB]
2026-09-15T17:43:36.2996819Z Get:44 http://azure.archive.ubuntu.com/ubuntu noble/universe amd64 libopenmpt0t64 amd64 0.7.3-1.1build3 [647 kB]
2026-09-15T17:43:36.3499151Z Get:45 http://azure.archive.ubuntu.com/ubuntu noble/universe amd64 libcjson1 amd64 1.7.17-1 [24.8 kB]
2026-09-15T17:43:36.4024938Z Get:46 http://azure.archive.ubuntu.com/ubuntu noble/universe amd64 libmbedcrypto7t64 amd64 2.28.8-1 [209 kB]
2026-09-15T17:43:36.4515132Z Get:47 http://azure.archive.ubuntu.com/ubuntu noble/universe amd64 librist4 amd64 0.2.10+dfsg-2 [74.9 kB]
2026-09-15T17:43:36.4973691Z Get:48 http://azure.archive.ubuntu.com/ubuntu noble/universe amd64 libsrt1.5-gnutls amd64 1.5.3-1build2 [316 kB]
2026-09-15T17:43:36.5442229Z Get:49 http://azure.archive.ubuntu.com/ubuntu noble-updates/main amd64 libssh-gcrypt-4 amd64 0.10.6-2ubuntu0.5 [226 kB]
2026-09-15T17:43:36.5908056Z Get:50 http://azure.archive.ubuntu.com/ubuntu noble/universe amd64 libavformat60 amd64 7:6.1.1-3ubuntu5 [1153 kB]
2026-09-15T17:43:36.6422951Z Get:51 http://azure.archive.ubuntu.com/ubuntu noble/universe amd64 libbs2b0 amd64 3.1.0+dfsg-7build1 [10.6 kB]
2026-09-15T17:43:36.6890492Z Get:52 http://azure.archive.ubuntu.com/ubuntu noble/universe amd64 libflite1 amd64 2.2-6build3 [13.6 MB]
2026-09-15T17:43:36.9622189Z Get:53 http://azure.archive.ubuntu.com/ubuntu noble/universe amd64 libserd-0-0 amd64 0.32.2-1 [43.6 kB]
2026-09-15T17:43:37.0081226Z Get:54 http://azure.archive.ubuntu.com/ubuntu noble/universe amd64 libzix-0-0 amd64 0.4.2-2build1 [23.6 kB]
2026-09-15T17:43:37.0539394Z Get:55 http://azure.archive.ubuntu.com/ubuntu noble/universe amd64 libsord-0-0 amd64 0.16.16-2build1 [15.8 kB]
2026-09-15T17:43:37.0998925Z Get:56 http://azure.archive.ubuntu.com/ubuntu noble/universe amd64 libsratom-0-0 amd64 0.6.16-1build1 [17.3 kB]
2026-09-15T17:43:37.1461168Z Get:57 http://azure.archive.ubuntu.com/ubuntu noble/universe amd64 liblilv-0-0 amd64 0.24.22-1build1 [41.0 kB]
2026-09-15T17:43:37.1927975Z Get:58 http://azure.archive.ubuntu.com/ubuntu noble/universe amd64 libmysofa1 amd64 1.3.2+dfsg-2ubuntu2 [1158 kB]
2026-09-15T17:43:37.2540342Z Get:59 http://azure.archive.ubuntu.com/ubuntu noble/universe amd64 libplacebo338 amd64 6.338.2-2build1 [2654 kB]
2026-09-15T17:43:37.3822874Z Get:60 http://azure.archive.ubuntu.com/ubuntu noble-updates/main amd64 libblas3 amd64 3.12.0-3build1.1 [238 kB]
2026-09-15T17:43:37.6316309Z Get:61 http://azure.archive.ubuntu.com/ubuntu noble-updates/main amd64 liblapack3 amd64 3.12.0-3build1.1 [2646 kB]
2026-09-15T17:43:37.8622093Z Get:62 http://azure.archive.ubuntu.com/ubuntu noble/main amd64 libasyncns0 amd64 0.8-6build4 [11.3 kB]
2026-09-15T17:43:37.9086496Z Get:63 http://azure.archive.ubuntu.com/ubuntu noble/main amd64 libflac12t64 amd64 1.4.3+ds-2.1ubuntu2 [197 kB]
2026-09-15T17:43:37.9558509Z Get:64 http://azure.archive.ubuntu.com/ubuntu noble-updates/main amd64 libsndfile1 amd64 1.2.2-1ubuntu5.24.04.1 [209 kB]
2026-09-15T17:43:38.0033534Z Get:65 http://azure.archive.ubuntu.com/ubuntu noble-updates/main amd64 libpulse0 amd64 1:16.1+dfsg1-2ubuntu10.1 [292 kB]
2026-09-15T17:43:38.0518312Z Get:66 http://azure.archive.ubuntu.com/ubuntu noble/universe amd64 libsphinxbase3t64 amd64 0.8+5prealpha+1-17build2 [126 kB]
2026-09-15T17:43:38.0984803Z Get:67 http://azure.archive.ubuntu.com/ubuntu noble/universe amd64 libpocketsphinx3 amd64 0.8.0+real5prealpha+1-15ubuntu5 [133 kB]
2026-09-15T17:43:38.1453012Z Get:68 http://azure.archive.ubuntu.com/ubuntu noble/universe amd64 libpostproc57 amd64 7:6.1.1-3ubuntu5 [49.9 kB]
2026-09-15T17:43:38.1915821Z Get:69 http://azure.archive.ubuntu.com/ubuntu noble/main amd64 libsamplerate0 amd64 0.2.2-4build1 [1344 kB]
2026-09-15T17:43:38.2523651Z Get:70 http://azure.archive.ubuntu.com/ubuntu noble/universe amd64 librubberband2 amd64 3.3.0+dfsg-2build1 [130 kB]
2026-09-15T17:43:38.2989348Z Get:71 http://azure.archive.ubuntu.com/ubuntu noble/universe amd64 libswscale7 amd64 7:6.1.1-3ubuntu5 [193 kB]
2026-09-15T17:43:38.3464134Z Get:72 http://azure.archive.ubuntu.com/ubuntu noble/universe amd64 libvidstab1.1 amd64 1.1.0-2build1 [38.5 kB]
2026-09-15T17:43:38.3924654Z Get:73 http://azure.archive.ubuntu.com/ubuntu noble/universe amd64 libzimg2 amd64 3.0.5+ds1-1build1 [254 kB]
2026-09-15T17:43:38.4401830Z Get:74 http://azure.archive.ubuntu.com/ubuntu noble/universe amd64 libavfilter9 amd64 7:6.1.1-3ubuntu5 [4235 kB]
2026-09-15T17:43:38.5992943Z Get:75 http://azure.archive.ubuntu.com/ubuntu noble-updates/main amd64 libcaca0 amd64 0.99.beta20-4ubuntu0.2 [209 kB]
2026-09-15T17:43:38.7068615Z Get:76 http://azure.archive.ubuntu.com/ubuntu noble-updates/main amd64 libcdio19t64 amd64 2.1.0-4.1ubuntu1.2 [62.4 kB]
2026-09-15T17:43:38.8905676Z Get:77 http://azure.archive.ubuntu.com/ubuntu noble/main amd64 libcdio-cdda2t64 amd64 10.2+2.0.1-1.1build2 [16.5 kB]
2026-09-15T17:43:39.0102081Z Get:78 http://azure.archive.ubuntu.com/ubuntu noble/main amd64 libcdio-paranoia2t64 amd64 10.2+2.0.1-1.1build2 [16.6 kB]
2026-09-15T17:43:39.1188659Z Get:79 http://azure.archive.ubuntu.com/ubuntu noble/universe amd64 libdc1394-25 amd64 2.2.6-4build1 [90.1 kB]
2026-09-15T17:43:39.1892163Z Get:80 http://azure.archive.ubuntu.com/ubuntu noble/main amd64 libiec61883-0 amd64 1.2.0-6build1 [24.5 kB]
2026-09-15T17:43:39.2487762Z Get:81 http://azure.archive.ubuntu.com/ubuntu noble/main amd64 libjack-jackd2-0 amd64 1.9.21~dfsg-3ubuntu3 [289 kB]
2026-09-15T17:43:39.2991234Z Get:82 http://azure.archive.ubuntu.com/ubuntu noble/universe amd64 libopenal-data all 1:1.23.1-4build1 [161 kB]
2026-09-15T17:43:39.3661301Z Get:83 http://azure.archive.ubuntu.com/ubuntu noble/universe amd64 libsndio7.0 amd64 1.9.0-0.3build3 [29.6 kB]
2026-09-15T17:43:39.4120219Z Get:84 http://azure.archive.ubuntu.com/ubuntu noble/universe amd64 libopenal1 amd64 1:1.23.1-4build1 [540 kB]
2026-09-15T17:43:39.4697953Z Get:85 http://azure.archive.ubuntu.com/ubuntu noble/main amd64 libdecor-0-0 amd64 0.2.2-1build2 [16.5 kB]
2026-09-15T17:43:39.5404953Z Get:86 http://azure.archive.ubuntu.com/ubuntu noble-updates/main amd64 libsdl2-2.0-0 amd64 2.30.0+dfsg-1ubuntu3.1 [686 kB]
2026-09-15T17:43:39.6608146Z Get:87 http://azure.archive.ubuntu.com/ubuntu noble/main amd64 libxcb-shape0 amd64 1.15-1ubuntu2 [6100 B]
2026-09-15T17:43:39.7813892Z Get:88 http://azure.archive.ubuntu.com/ubuntu noble/main amd64 libxv1 amd64 2:1.0.11-1.1build1 [10.7 kB]
2026-09-15T17:43:39.8310546Z Get:89 http://azure.archive.ubuntu.com/ubuntu noble/universe amd64 libavdevice60 amd64 7:6.1.1-3ubuntu5 [82.3 kB]
2026-09-15T17:43:39.8798342Z Get:90 http://azure.archive.ubuntu.com/ubuntu noble/universe amd64 ffmpeg amd64 7:6.1.1-3ubuntu5 [1879 kB]
2026-09-15T17:43:40.0317805Z Get:91 http://azure.archive.ubuntu.com/ubuntu noble/main amd64 fonts-noto-mono all 20201225-2 [435 kB]
2026-09-15T17:43:40.1542788Z Get:92 http://azure.archive.ubuntu.com/ubuntu noble/main amd64 xfonts-encodings all 1:1.0.5-0ubuntu2 [578 kB]
2026-09-15T17:43:40.2422493Z Get:93 http://azure.archive.ubuntu.com/ubuntu noble/main amd64 xfonts-utils amd64 1:7.7+6build3 [94.4 kB]
2026-09-15T17:43:40.2913327Z Get:94 http://azure.archive.ubuntu.com/ubuntu noble/main amd64 fonts-urw-base35 all 20200910-8 [11.0 MB]
2026-09-15T17:43:40.5249872Z Get:95 http://azure.archive.ubuntu.com/ubuntu noble-updates/main amd64 libgs-common all 10.02.1~dfsg1-0ubuntu7.8 [176 kB]
2026-09-15T17:43:40.6248800Z Get:96 http://azure.archive.ubuntu.com/ubuntu noble-updates/main amd64 libgs10-common all 10.02.1~dfsg1-0ubuntu7.8 [488 kB]
2026-09-15T17:43:40.7628971Z Get:97 http://azure.archive.ubuntu.com/ubuntu noble-updates/main amd64 libidn12 amd64 1.42-1ubuntu0.1 [56.1 kB]
2026-09-15T17:43:40.8859088Z Get:98 http://azure.archive.ubuntu.com/ubuntu noble/main amd64 libijs-0.35 amd64 0.35-15.1build1 [15.3 kB]
2026-09-15T17:43:40.9539743Z Get:99 http://azure.archive.ubuntu.com/ubuntu noble-updates/main amd64 libjbig2dec0 amd64 0.20-1ubuntu0.24.04.1 [65.2 kB]
2026-09-15T17:43:41.0029753Z Get:100 http://azure.archive.ubuntu.com/ubuntu noble/main amd64 libpaper1 amd64 1.1.29build1 [13.4 kB]
2026-09-15T17:43:41.0552047Z Get:101 http://azure.archive.ubuntu.com/ubuntu noble-updates/main amd64 libgs10 amd64 10.02.1~dfsg1-0ubuntu7.8 [3897 kB]
2026-09-15T17:43:41.2692808Z Get:102 http://azure.archive.ubuntu.com/ubuntu noble-updates/main amd64 ghostscript amd64 10.02.1~dfsg1-0ubuntu7.8 [43.4 kB]
2026-09-15T17:43:41.3669924Z Get:103 http://azure.archive.ubuntu.com/ubuntu noble/universe amd64 imagemagick-6.q16 amd64 8:6.9.12.98+dfsg1-5.2build2 [254 kB]
2026-09-15T17:43:41.4548465Z Get:104 http://azure.archive.ubuntu.com/ubuntu noble/universe amd64 imagemagick amd64 8:6.9.12.98+dfsg1-5.2build2 [14.2 kB]
2026-09-15T17:43:41.5557622Z Get:105 http://azure.archive.ubuntu.com/ubuntu noble-updates/universe amd64 libigdgmm12 amd64 22.3.17+ds1-1ubuntu1 [145 kB]
2026-09-15T17:43:41.6673917Z Get:106 http://azure.archive.ubuntu.com/ubuntu noble-updates/universe amd64 intel-media-va-driver amd64 24.1.0+dfsg1-1ubuntu0.2 [3163 kB]
2026-09-15T17:43:41.7864796Z Get:107 http://azure.archive.ubuntu.com/ubuntu noble/universe amd64 libaacs0 amd64 0.11.1-2build1 [62.9 kB]
2026-09-15T17:43:41.8976457Z Get:108 http://azure.archive.ubuntu.com/ubuntu noble/universe amd64 libbdplus0 amd64 0.2.0-3build1 [52.2 kB]
2026-09-15T17:43:42.0180891Z Get:109 http://azure.archive.ubuntu.com/ubuntu noble/main amd64 libdecor-0-plugin-1-gtk amd64 0.2.2-1build2 [22.2 kB]
2026-09-15T17:43:42.1431944Z Get:110 http://azure.archive.ubuntu.com/ubuntu noble-updates/main amd64 libdjvulibre-text all 3.5.28-2ubuntu0.24.04.2 [51.1 kB]
2026-09-15T17:43:42.2859195Z Get:111 http://azure.archive.ubuntu.com/ubuntu noble-updates/main amd64 libdjvulibre21 amd64 3.5.28-2ubuntu0.24.04.2 [638 kB]
2026-09-15T17:43:42.3967559Z Get:112 http://azure.archive.ubuntu.com/ubuntu noble/universe amd64 libimath-3-1-29t64 amd64 3.1.9-3.1ubuntu2 [72.2 kB]
2026-09-15T17:43:42.5163490Z Get:113 http://azure.archive.ubuntu.com/ubuntu noble/universe amd64 libjxr0t64 amd64 1.2~git20170615.f752187-5.1ubuntu2 [181 kB]
2026-09-15T17:43:42.6271278Z Get:114 http://azure.archive.ubuntu.com/ubuntu noble/universe amd64 libjxr-tools amd64 1.2~git20170615.f752187-5.1ubuntu2 [15.8 kB]
2026-09-15T17:43:42.7487905Z Get:115 http://azure.archive.ubuntu.com/ubuntu noble/universe amd64 libopenexr-3-1-30 amd64 3.1.5-5.1build3 [1004 kB]
2026-09-15T17:43:42.8586465Z Get:116 http://azure.archive.ubuntu.com/ubuntu noble/main amd64 libwmflite-0.2-7 amd64 0.2.13-1.1build3 [68.6 kB]
2026-09-15T17:43:42.9050027Z Get:117 http://azure.archive.ubuntu.com/ubuntu noble/universe amd64 libmagickcore-6.q16-7-extra amd64 8:6.9.12.98+dfsg1-5.2build2 [70.1 kB]
2026-09-15T17:43:42.9515109Z Get:118 http://azure.archive.ubuntu.com/ubuntu noble/universe amd64 libnetpbm11t64 amd64 2:11.05.02-1.1build1 [114 kB]
2026-09-15T17:43:42.9980786Z Get:119 http://azure.archive.ubuntu.com/ubuntu noble/main amd64 libpaper-utils amd64 1.1.29build1 [8650 B]
2026-09-15T17:43:43.0448141Z Get:120 http://azure.archive.ubuntu.com/ubuntu noble/main amd64 librsvg2-common amd64 2.58.0+dfsg-1build1 [11.8 kB]
2026-09-15T17:43:43.0910532Z Get:121 http://azure.archive.ubuntu.com/ubuntu noble-updates/universe amd64 mesa-va-drivers amd64 25.2.8-0ubuntu0.24.04.2 [6784 B]
2026-09-15T17:43:43.1371672Z Get:122 http://azure.archive.ubuntu.com/ubuntu noble-updates/main amd64 mesa-vdpau-drivers amd64 25.2.8-0ubuntu0.24.04.2 [23.2 kB]
2026-09-15T17:43:43.1830138Z Get:123 http://azure.archive.ubuntu.com/ubuntu noble/universe amd64 netpbm amd64 2:11.05.02-1.1build1 [2054 kB]
2026-09-15T17:43:43.2401591Z Get:124 http://azure.archive.ubuntu.com/ubuntu noble-updates/universe amd64 i965-va-driver amd64 2.4.1+dfsg1-1ubuntu0.2 [332 kB]
2026-09-15T17:43:43.2869278Z Get:125 http://azure.archive.ubuntu.com/ubuntu noble-updates/universe amd64 va-driver-all amd64 2.20.0-2ubuntu0.2 [5014 B]
2026-09-15T17:43:43.3324522Z Get:126 http://azure.archive.ubuntu.com/ubuntu noble/main amd64 vdpau-driver-all amd64 1.5-2build1 [4414 B]
2026-09-15T17:43:43.3779191Z Get:127 http://azure.archive.ubuntu.com/ubuntu noble/universe amd64 pocketsphinx-en-us all 0.8.0+real5prealpha+1-15ubuntu5 [27.4 MB]
2026-09-15T17:43:44.1916536Z Preconfiguring packages ...
2026-09-15T17:43:44.2765414Z Fetched 119 MB in 10s (11.8 MB/s)
2026-09-15T17:43:44.3722229Z Selecting previously unselected package fonts-droid-fallback.
2026-09-15T17:43:44.4088894Z (Reading database ... 
2026-09-15T17:43:44.4089267Z (Reading database ... 5%
2026-09-15T17:43:44.4089607Z (Reading database ... 10%
2026-09-15T17:43:44.4089879Z (Reading database ... 15%
2026-09-15T17:43:44.4090126Z (Reading database ... 20%
2026-09-15T17:43:44.4090410Z (Reading database ... 25%
2026-09-15T17:43:44.4090666Z (Reading database ... 30%
2026-09-15T17:43:44.4090925Z (Reading database ... 35%
2026-09-15T17:43:44.4091182Z (Reading database ... 40%
2026-09-15T17:43:44.4091430Z (Reading database ... 45%
2026-09-15T17:43:44.4091656Z (Reading database ... 50%
2026-09-15T17:43:44.4130681Z (Reading database ... 55%
2026-09-15T17:43:44.5704457Z (Reading database ... 60%
2026-09-15T17:43:44.7692261Z (Reading database ... 65%
2026-09-15T17:43:44.9703770Z (Reading database ... 70%
2026-09-15T17:43:45.1612380Z (Reading database ... 75%
2026-09-15T17:43:45.3652198Z (Reading database ... 80%
2026-09-15T17:43:45.6560884Z (Reading database ... 85%
2026-09-15T17:43:45.9346414Z (Reading database ... 90%
2026-09-15T17:43:46.1214533Z (Reading database ... 95%
2026-09-15T17:43:46.1214881Z (Reading database ... 100%
2026-09-15T17:43:46.1215206Z (Reading database ... 201818 files and directories currently installed.)
2026-09-15T17:43:46.1251003Z Preparing to unpack .../000-fonts-droid-fallback_1%3a6.0.1r16-1.1build1_all.deb ...
2026-09-15T17:43:46.1552221Z Unpacking fonts-droid-fallback (1:6.0.1r16-1.1build1) ...
2026-09-15T17:43:46.2768762Z Selecting previously unselected package poppler-data.
2026-09-15T17:43:46.2862246Z Preparing to unpack .../001-poppler-data_0.4.12-1_all.deb ...
2026-09-15T17:43:46.2873105Z Unpacking poppler-data (0.4.12-1) ...
2026-09-15T17:43:46.5027029Z Selecting previously unselected package libva2:amd64.
2026-09-15T17:43:46.5125282Z Preparing to unpack .../002-libva2_2.20.0-2ubuntu0.2_amd64.deb ...
2026-09-15T17:43:46.5201483Z Unpacking libva2:amd64 (2.20.0-2ubuntu0.2) ...
2026-09-15T17:43:46.5725837Z Selecting previously unselected package libva-drm2:amd64.
2026-09-15T17:43:46.5822460Z Preparing to unpack .../003-libva-drm2_2.20.0-2ubuntu0.2_amd64.deb ...
2026-09-15T17:43:46.5832847Z Unpacking libva-drm2:amd64 (2.20.0-2ubuntu0.2) ...
2026-09-15T17:43:46.6527985Z Selecting previously unselected package libva-x11-2:amd64.
2026-09-15T17:43:46.6662467Z Preparing to unpack .../004-libva-x11-2_2.20.0-2ubuntu0.2_amd64.deb ...
2026-09-15T17:43:46.6674657Z Unpacking libva-x11-2:amd64 (2.20.0-2ubuntu0.2) ...
2026-09-15T17:43:46.8265914Z Selecting previously unselected package libvdpau1:amd64.
2026-09-15T17:43:46.8370870Z Preparing to unpack .../005-libvdpau1_1.5-2build1_amd64.deb ...
2026-09-15T17:43:46.8382914Z Unpacking libvdpau1:amd64 (1.5-2build1) ...
2026-09-15T17:43:46.8607191Z Selecting previously unselected package libvpl2.
2026-09-15T17:43:46.8702081Z Preparing to unpack .../006-libvpl2_2023.3.0-1build1_amd64.deb ...
2026-09-15T17:43:46.8726111Z Unpacking libvpl2 (2023.3.0-1build1) ...
2026-09-15T17:43:46.9070514Z Selecting previously unselected package ocl-icd-libopencl1:amd64.
2026-09-15T17:43:46.9166270Z Preparing to unpack .../007-ocl-icd-libopencl1_2.3.2-1build1_amd64.deb ...
2026-09-15T17:43:46.9176686Z Unpacking ocl-icd-libopencl1:amd64 (2.3.2-1build1) ...
2026-09-15T17:43:46.9452624Z Selecting previously unselected package libavutil58:amd64.
2026-09-15T17:43:46.9547898Z Preparing to unpack .../008-libavutil58_7%3a6.1.1-3ubuntu5_amd64.deb ...
2026-09-15T17:43:46.9558405Z Unpacking libavutil58:amd64 (7:6.1.1-3ubuntu5) ...
2026-09-15T17:43:46.9784733Z Selecting previously unselected package libcodec2-1.2:amd64.
2026-09-15T17:43:46.9881891Z Preparing to unpack .../009-libcodec2-1.2_1.2.0-2build1_amd64.deb ...
2026-09-15T17:43:46.9892523Z Unpacking libcodec2-1.2:amd64 (1.2.0-2build1) ...
2026-09-15T17:43:47.1615474Z Selecting previously unselected package libdav1d7:amd64.
2026-09-15T17:43:47.1712706Z Preparing to unpack .../010-libdav1d7_1.4.1-1build1_amd64.deb ...
2026-09-15T17:43:47.1758145Z Unpacking libdav1d7:amd64 (1.4.1-1build1) ...
2026-09-15T17:43:47.2032213Z Selecting previously unselected package libgsm1:amd64.
2026-09-15T17:43:47.2127974Z Preparing to unpack .../011-libgsm1_1.0.22-1build1_amd64.deb ...
2026-09-15T17:43:47.2223807Z Unpacking libgsm1:amd64 (1.0.22-1build1) ...
2026-09-15T17:43:47.2512815Z Selecting previously unselected package libhwy1t64:amd64.
2026-09-15T17:43:47.2608830Z Preparing to unpack .../012-libhwy1t64_1.0.7-8.1build1_amd64.deb ...
2026-09-15T17:43:47.2621207Z Unpacking libhwy1t64:amd64 (1.0.7-8.1build1) ...
2026-09-15T17:43:47.2996133Z Selecting previously unselected package libjxl0.7:amd64.
2026-09-15T17:43:47.3090676Z Preparing to unpack .../013-libjxl0.7_0.7.0-10.2ubuntu6.1_amd64.deb ...
2026-09-15T17:43:47.3101516Z Unpacking libjxl0.7:amd64 (0.7.0-10.2ubuntu6.1) ...
2026-09-15T17:43:47.4846810Z Selecting previously unselected package libmp3lame0:amd64.
2026-09-15T17:43:47.4942720Z Preparing to unpack .../014-libmp3lame0_3.100-6build1_amd64.deb ...
2026-09-15T17:43:47.4952334Z Unpacking libmp3lame0:amd64 (3.100-6build1) ...
2026-09-15T17:43:47.5308248Z Selecting previously unselected package libopus0:amd64.
2026-09-15T17:43:47.5409113Z Preparing to unpack .../015-libopus0_1.4-1build1_amd64.deb ...
2026-09-15T17:43:47.5426640Z Unpacking libopus0:amd64 (1.4-1build1) ...
2026-09-15T17:43:47.8539258Z Selecting previously unselected package librav1e0:amd64.
2026-09-15T17:43:47.8638254Z Preparing to unpack .../016-librav1e0_0.7.1-2_amd64.deb ...
2026-09-15T17:43:48.1341164Z Unpacking librav1e0:amd64 (0.7.1-2) ...
2026-09-15T17:43:49.9489068Z Selecting previously unselected package librsvg2-2:amd64.
2026-09-15T17:43:49.9589399Z Preparing to unpack .../017-librsvg2-2_2.58.0+dfsg-1build1_amd64.deb ...
2026-09-15T17:43:49.9619862Z Unpacking librsvg2-2:amd64 (2.58.0+dfsg-1build1) ...
2026-09-15T17:43:50.0478565Z Selecting previously unselected package libshine3:amd64.
2026-09-15T17:43:50.0577335Z Preparing to unpack .../018-libshine3_3.1.1-2build1_amd64.deb ...
2026-09-15T17:43:50.0595766Z Unpacking libshine3:amd64 (3.1.1-2build1) ...
2026-09-15T17:43:50.0828770Z Selecting previously unselected package libspeex1:amd64.
2026-09-15T17:43:50.0926486Z Preparing to unpack .../019-libspeex1_1.2.1-2ubuntu2.24.04.1_amd64.deb ...
2026-09-15T17:43:50.1215105Z Unpacking libspeex1:amd64 (1.2.1-2ubuntu2.24.04.1) ...
2026-09-15T17:43:50.1438286Z Selecting previously unselected package libsvtav1enc1d1:amd64.
2026-09-15T17:43:50.1539232Z Preparing to unpack .../020-libsvtav1enc1d1_1.7.0+dfsg-2build1_amd64.deb ...
2026-09-15T17:43:50.1550620Z Unpacking libsvtav1enc1d1:amd64 (1.7.0+dfsg-2build1) ...
2026-09-15T17:43:50.2394164Z Selecting previously unselected package libsoxr0:amd64.
2026-09-15T17:43:50.2490172Z Preparing to unpack .../021-libsoxr0_0.1.3-4build3_amd64.deb ...
2026-09-15T17:43:50.2503316Z Unpacking libsoxr0:amd64 (0.1.3-4build3) ...
2026-09-15T17:43:50.2714755Z Selecting previously unselected package libswresample4:amd64.
2026-09-15T17:43:50.2809390Z Preparing to unpack .../022-libswresample4_7%3a6.1.1-3ubuntu5_amd64.deb ...
2026-09-15T17:43:50.3053248Z Unpacking libswresample4:amd64 (7:6.1.1-3ubuntu5) ...
2026-09-15T17:43:50.3617087Z Selecting previously unselected package libtheora0:amd64.
2026-09-15T17:43:50.3713793Z Preparing to unpack .../023-libtheora0_1.1.1+dfsg.1-16.1build3_amd64.deb ...
2026-09-15T17:43:50.4914127Z Unpacking libtheora0:amd64 (1.1.1+dfsg.1-16.1build3) ...
2026-09-15T17:43:50.6267321Z Selecting previously unselected package libtwolame0:amd64.
2026-09-15T17:43:50.6364867Z Preparing to unpack .../024-libtwolame0_0.4.0-2build3_amd64.deb ...
2026-09-15T17:43:50.6376085Z Unpacking libtwolame0:amd64 (0.4.0-2build3) ...
2026-09-15T17:43:50.6581246Z Selecting previously unselected package libvorbisenc2:amd64.
2026-09-15T17:43:50.6679830Z Preparing to unpack .../025-libvorbisenc2_1.3.7-1build3_amd64.deb ...
2026-09-15T17:43:50.6689680Z Unpacking libvorbisenc2:amd64 (1.3.7-1build3) ...
2026-09-15T17:43:50.7048948Z Selecting previously unselected package libvpx9:amd64.
2026-09-15T17:43:50.7149065Z Preparing to unpack .../026-libvpx9_1.14.0-1ubuntu2.3_amd64.deb ...
2026-09-15T17:43:50.7159720Z Unpacking libvpx9:amd64 (1.14.0-1ubuntu2.3) ...
2026-09-15T17:43:50.7631945Z Selecting previously unselected package libx264-164:amd64.
2026-09-15T17:43:50.7733393Z Preparing to unpack .../027-libx264-164_2%3a0.164.3108+git31e19f9-1_amd64.deb ...
2026-09-15T17:43:50.7743114Z Unpacking libx264-164:amd64 (2:0.164.3108+git31e19f9-1) ...
2026-09-15T17:43:50.8443381Z Selecting previously unselected package libx265-199:amd64.
2026-09-15T17:43:50.8546357Z Preparing to unpack .../028-libx265-199_3.5-2build1_amd64.deb ...
2026-09-15T17:43:50.8557077Z Unpacking libx265-199:amd64 (3.5-2build1) ...
2026-09-15T17:43:51.0160132Z Selecting previously unselected package libxvidcore4:amd64.
2026-09-15T17:43:51.0498670Z Preparing to unpack .../029-libxvidcore4_2%3a1.3.7-1build1_amd64.deb ...
2026-09-15T17:43:51.0527450Z Unpacking libxvidcore4:amd64 (2:1.3.7-1build1) ...
2026-09-15T17:43:51.0868716Z Selecting previously unselected package libzvbi-common.
2026-09-15T17:43:51.0977706Z Preparing to unpack .../030-libzvbi-common_0.2.42-2_all.deb ...
2026-09-15T17:43:51.0987265Z Unpacking libzvbi-common (0.2.42-2) ...
2026-09-15T17:43:51.1597187Z Selecting previously unselected package libzvbi0t64:amd64.
2026-09-15T17:43:51.1704418Z Preparing to unpack .../031-libzvbi0t64_0.2.42-2_amd64.deb ...
2026-09-15T17:43:51.1719150Z Unpacking libzvbi0t64:amd64 (0.2.42-2) ...
2026-09-15T17:43:51.2053716Z Selecting previously unselected package libavcodec60:amd64.
2026-09-15T17:43:51.2159102Z Preparing to unpack .../032-libavcodec60_7%3a6.1.1-3ubuntu5_amd64.deb ...
2026-09-15T17:43:51.2169670Z Unpacking libavcodec60:amd64 (7:6.1.1-3ubuntu5) ...
2026-09-15T17:43:51.3583038Z Selecting previously unselected package libraw1394-11:amd64.
2026-09-15T17:43:51.3684875Z Preparing to unpack .../033-libraw1394-11_2.1.2-2build3_amd64.deb ...
2026-09-15T17:43:51.3693183Z Unpacking libraw1394-11:amd64 (2.1.2-2build3) ...
2026-09-15T17:43:51.3935253Z Selecting previously unselected package libavc1394-0:amd64.
2026-09-15T17:43:51.4035402Z Preparing to unpack .../034-libavc1394-0_0.5.4-5build3_amd64.deb ...
2026-09-15T17:43:51.4045595Z Unpacking libavc1394-0:amd64 (0.5.4-5build3) ...
2026-09-15T17:43:51.4248503Z Selecting previously unselected package libunibreak5:amd64.
2026-09-15T17:43:51.4348382Z Preparing to unpack .../035-libunibreak5_5.1-2build1_amd64.deb ...
2026-09-15T17:43:51.4476053Z Unpacking libunibreak5:amd64 (5.1-2build1) ...
2026-09-15T17:43:51.4949656Z Selecting previously unselected package libass9:amd64.
2026-09-15T17:43:51.5046724Z Preparing to unpack .../036-libass9_1%3a0.17.1-2build1_amd64.deb ...
2026-09-15T17:43:51.5056875Z Unpacking libass9:amd64 (1:0.17.1-2build1) ...
2026-09-15T17:43:51.5264774Z Selecting previously unselected package libudfread0:amd64.
2026-09-15T17:43:51.5366046Z Preparing to unpack .../037-libudfread0_1.1.2-1build1_amd64.deb ...
2026-09-15T17:43:51.5375998Z Unpacking libudfread0:amd64 (1.1.2-1build1) ...
2026-09-15T17:43:51.5585672Z Selecting previously unselected package libbluray2:amd64.
2026-09-15T17:43:51.5686887Z Preparing to unpack .../038-libbluray2_1%3a1.3.4-1build1_amd64.deb ...
2026-09-15T17:43:51.5696239Z Unpacking libbluray2:amd64 (1:1.3.4-1build1) ...
2026-09-15T17:43:51.6035030Z Selecting previously unselected package libchromaprint1:amd64.
2026-09-15T17:43:51.6136866Z Preparing to unpack .../039-libchromaprint1_1.5.1-5_amd64.deb ...
2026-09-15T17:43:51.6146179Z Unpacking libchromaprint1:amd64 (1.5.1-5) ...
2026-09-15T17:43:51.6401104Z Selecting previously unselected package libgme0:amd64.
2026-09-15T17:43:51.6501111Z Preparing to unpack .../040-libgme0_0.6.3-7build1_amd64.deb ...
2026-09-15T17:43:51.6510651Z Unpacking libgme0:amd64 (0.6.3-7build1) ...
2026-09-15T17:43:51.6734810Z Selecting previously unselected package libmpg123-0t64:amd64.
2026-09-15T17:43:51.6834770Z Preparing to unpack .../041-libmpg123-0t64_1.32.5-1ubuntu1.1_amd64.deb ...
2026-09-15T17:43:51.6845383Z Unpacking libmpg123-0t64:amd64 (1.32.5-1ubuntu1.1) ...
2026-09-15T17:43:51.7125946Z Selecting previously unselected package libopenmpt0t64:amd64.
2026-09-15T17:43:51.7226961Z Preparing to unpack .../042-libopenmpt0t64_0.7.3-1.1build3_amd64.deb ...
2026-09-15T17:43:51.7236713Z Unpacking libopenmpt0t64:amd64 (0.7.3-1.1build3) ...
2026-09-15T17:43:51.7760434Z Selecting previously unselected package libcjson1:amd64.
2026-09-15T17:43:51.7863143Z Preparing to unpack .../043-libcjson1_1.7.17-1_amd64.deb ...
2026-09-15T17:43:51.7931284Z Unpacking libcjson1:amd64 (1.7.17-1) ...
2026-09-15T17:43:51.8189293Z Selecting previously unselected package libmbedcrypto7t64:amd64.
2026-09-15T17:43:51.8289146Z Preparing to unpack .../044-libmbedcrypto7t64_2.28.8-1_amd64.deb ...
2026-09-15T17:43:51.8365278Z Unpacking libmbedcrypto7t64:amd64 (2.28.8-1) ...
2026-09-15T17:43:51.8592816Z Selecting previously unselected package librist4:amd64.
2026-09-15T17:43:51.8692651Z Preparing to unpack .../045-librist4_0.2.10+dfsg-2_amd64.deb ...
2026-09-15T17:43:51.8765976Z Unpacking librist4:amd64 (0.2.10+dfsg-2) ...
2026-09-15T17:43:51.8992592Z Selecting previously unselected package libsrt1.5-gnutls:amd64.
2026-09-15T17:43:51.9093150Z Preparing to unpack .../046-libsrt1.5-gnutls_1.5.3-1build2_amd64.deb ...
2026-09-15T17:43:51.9104619Z Unpacking libsrt1.5-gnutls:amd64 (1.5.3-1build2) ...
2026-09-15T17:43:51.9368829Z Selecting previously unselected package libssh-gcrypt-4:amd64.
2026-09-15T17:43:51.9470446Z Preparing to unpack .../047-libssh-gcrypt-4_0.10.6-2ubuntu0.5_amd64.deb ...
2026-09-15T17:43:51.9817244Z Unpacking libssh-gcrypt-4:amd64 (0.10.6-2ubuntu0.5) ...
2026-09-15T17:43:52.0271833Z Selecting previously unselected package libavformat60:amd64.
2026-09-15T17:43:52.0372358Z Preparing to unpack .../048-libavformat60_7%3a6.1.1-3ubuntu5_amd64.deb ...
2026-09-15T17:43:52.0383961Z Unpacking libavformat60:amd64 (7:6.1.1-3ubuntu5) ...
2026-09-15T17:43:52.0932943Z Selecting previously unselected package libbs2b0:amd64.
2026-09-15T17:43:52.1033581Z Preparing to unpack .../049-libbs2b0_3.1.0+dfsg-7build1_amd64.deb ...
2026-09-15T17:43:52.1057926Z Unpacking libbs2b0:amd64 (3.1.0+dfsg-7build1) ...
2026-09-15T17:43:52.1296300Z Selecting previously unselected package libflite1:amd64.
2026-09-15T17:43:52.1396824Z Preparing to unpack .../050-libflite1_2.2-6build3_amd64.deb ...
2026-09-15T17:43:52.1407164Z Unpacking libflite1:amd64 (2.2-6build3) ...
2026-09-15T17:43:52.6262896Z Selecting previously unselected package libserd-0-0:amd64.
2026-09-15T17:43:52.6361687Z Preparing to unpack .../051-libserd-0-0_0.32.2-1_amd64.deb ...
2026-09-15T17:43:52.6375314Z Unpacking libserd-0-0:amd64 (0.32.2-1) ...
2026-09-15T17:43:52.6578619Z Selecting previously unselected package libzix-0-0:amd64.
2026-09-15T17:43:52.6679623Z Preparing to unpack .../052-libzix-0-0_0.4.2-2build1_amd64.deb ...
2026-09-15T17:43:52.6689737Z Unpacking libzix-0-0:amd64 (0.4.2-2build1) ...
2026-09-15T17:43:52.6917094Z Selecting previously unselected package libsord-0-0:amd64.
2026-09-15T17:43:52.7016353Z Preparing to unpack .../053-libsord-0-0_0.16.16-2build1_amd64.deb ...
2026-09-15T17:43:52.7026513Z Unpacking libsord-0-0:amd64 (0.16.16-2build1) ...
2026-09-15T17:43:52.7254999Z Selecting previously unselected package libsratom-0-0:amd64.
2026-09-15T17:43:52.7357416Z Preparing to unpack .../054-libsratom-0-0_0.6.16-1build1_amd64.deb ...
2026-09-15T17:43:52.7369946Z Unpacking libsratom-0-0:amd64 (0.6.16-1build1) ...
2026-09-15T17:43:52.8673974Z Selecting previously unselected package liblilv-0-0:amd64.
2026-09-15T17:43:52.8783707Z Preparing to unpack .../055-liblilv-0-0_0.24.22-1build1_amd64.deb ...
2026-09-15T17:43:52.8793738Z Unpacking liblilv-0-0:amd64 (0.24.22-1build1) ...
2026-09-15T17:43:52.9890913Z Selecting previously unselected package libmysofa1:amd64.
2026-09-15T17:43:52.9988534Z Preparing to unpack .../056-libmysofa1_1.3.2+dfsg-2ubuntu2_amd64.deb ...
2026-09-15T17:43:52.9998512Z Unpacking libmysofa1:amd64 (1.3.2+dfsg-2ubuntu2) ...
2026-09-15T17:43:53.0370023Z Selecting previously unselected package libplacebo338:amd64.
2026-09-15T17:43:53.0469091Z Preparing to unpack .../057-libplacebo338_6.338.2-2build1_amd64.deb ...
2026-09-15T17:43:53.0479273Z Unpacking libplacebo338:amd64 (6.338.2-2build1) ...
2026-09-15T17:43:53.1254834Z Selecting previously unselected package libblas3:amd64.
2026-09-15T17:43:53.1356489Z Preparing to unpack .../058-libblas3_3.12.0-3build1.1_amd64.deb ...
2026-09-15T17:43:53.1389717Z Unpacking libblas3:amd64 (3.12.0-3build1.1) ...
2026-09-15T17:43:53.1625757Z Selecting previously unselected package liblapack3:amd64.
2026-09-15T17:43:53.1727976Z Preparing to unpack .../059-liblapack3_3.12.0-3build1.1_amd64.deb ...
2026-09-15T17:43:53.1759730Z Unpacking liblapack3:amd64 (3.12.0-3build1.1) ...
2026-09-15T17:43:53.2574431Z Selecting previously unselected package libasyncns0:amd64.
2026-09-15T17:43:53.2676189Z Preparing to unpack .../060-libasyncns0_0.8-6build4_amd64.deb ...
2026-09-15T17:43:53.2686867Z Unpacking libasyncns0:amd64 (0.8-6build4) ...
2026-09-15T17:43:53.2892200Z Selecting previously unselected package libflac12t64:amd64.
2026-09-15T17:43:53.2994466Z Preparing to unpack .../061-libflac12t64_1.4.3+ds-2.1ubuntu2_amd64.deb ...
2026-09-15T17:43:53.3007350Z Unpacking libflac12t64:amd64 (1.4.3+ds-2.1ubuntu2) ...
2026-09-15T17:43:53.3343941Z Selecting previously unselected package libsndfile1:amd64.
2026-09-15T17:43:53.3445876Z Preparing to unpack .../062-libsndfile1_1.2.2-1ubuntu5.24.04.1_amd64.deb ...
2026-09-15T17:43:53.3457880Z Unpacking libsndfile1:amd64 (1.2.2-1ubuntu5.24.04.1) ...
2026-09-15T17:43:53.5259263Z Selecting previously unselected package libpulse0:amd64.
2026-09-15T17:43:53.5365722Z Preparing to unpack .../063-libpulse0_1%3a16.1+dfsg1-2ubuntu10.1_amd64.deb ...
2026-09-15T17:43:53.5430575Z Unpacking libpulse0:amd64 (1:16.1+dfsg1-2ubuntu10.1) ...
2026-09-15T17:43:53.6064959Z Selecting previously unselected package libsphinxbase3t64:amd64.
2026-09-15T17:43:53.6176582Z Preparing to unpack .../064-libsphinxbase3t64_0.8+5prealpha+1-17build2_amd64.deb ...
2026-09-15T17:43:53.6186569Z Unpacking libsphinxbase3t64:amd64 (0.8+5prealpha+1-17build2) ...
2026-09-15T17:43:53.6781703Z Selecting previously unselected package libpocketsphinx3:amd64.
2026-09-15T17:43:53.6884759Z Preparing to unpack .../065-libpocketsphinx3_0.8.0+real5prealpha+1-15ubuntu5_amd64.deb ...
2026-09-15T17:43:53.6894815Z Unpacking libpocketsphinx3:amd64 (0.8.0+real5prealpha+1-15ubuntu5) ...
2026-09-15T17:43:53.7589104Z Selecting previously unselected package libpostproc57:amd64.
2026-09-15T17:43:53.7691359Z Preparing to unpack .../066-libpostproc57_7%3a6.1.1-3ubuntu5_amd64.deb ...
2026-09-15T17:43:53.7702421Z Unpacking libpostproc57:amd64 (7:6.1.1-3ubuntu5) ...
2026-09-15T17:43:53.7911914Z Selecting previously unselected package libsamplerate0:amd64.
2026-09-15T17:43:53.8013303Z Preparing to unpack .../067-libsamplerate0_0.2.2-4build1_amd64.deb ...
2026-09-15T17:43:53.8985421Z Unpacking libsamplerate0:amd64 (0.2.2-4build1) ...
2026-09-15T17:43:53.9249087Z Selecting previously unselected package librubberband2:amd64.
2026-09-15T17:43:53.9350650Z Preparing to unpack .../068-librubberband2_3.3.0+dfsg-2build1_amd64.deb ...
2026-09-15T17:43:53.9362992Z Unpacking librubberband2:amd64 (3.3.0+dfsg-2build1) ...
2026-09-15T17:43:53.9597416Z Selecting previously unselected package libswscale7:amd64.
2026-09-15T17:43:53.9700553Z Preparing to unpack .../069-libswscale7_7%3a6.1.1-3ubuntu5_amd64.deb ...
2026-09-15T17:43:53.9710643Z Unpacking libswscale7:amd64 (7:6.1.1-3ubuntu5) ...
2026-09-15T17:43:54.0046280Z Selecting previously unselected package libvidstab1.1:amd64.
2026-09-15T17:43:54.0148607Z Preparing to unpack .../070-libvidstab1.1_1.1.0-2build1_amd64.deb ...
2026-09-15T17:43:54.0159266Z Unpacking libvidstab1.1:amd64 (1.1.0-2build1) ...
2026-09-15T17:43:54.0495147Z Selecting previously unselected package libzimg2:amd64.
2026-09-15T17:43:54.0597874Z Preparing to unpack .../071-libzimg2_3.0.5+ds1-1build1_amd64.deb ...
2026-09-15T17:43:54.0608812Z Unpacking libzimg2:amd64 (3.0.5+ds1-1build1) ...
2026-09-15T17:43:54.1671334Z Selecting previously unselected package libavfilter9:amd64.
2026-09-15T17:43:54.1771691Z Preparing to unpack .../072-libavfilter9_7%3a6.1.1-3ubuntu5_amd64.deb ...
2026-09-15T17:43:54.1780852Z Unpacking libavfilter9:amd64 (7:6.1.1-3ubuntu5) ...
2026-09-15T17:43:54.3594857Z Selecting previously unselected package libcaca0:amd64.
2026-09-15T17:43:54.3693826Z Preparing to unpack .../073-libcaca0_0.99.beta20-4ubuntu0.2_amd64.deb ...
2026-09-15T17:43:54.3702974Z Unpacking libcaca0:amd64 (0.99.beta20-4ubuntu0.2) ...
2026-09-15T17:43:54.3976250Z Selecting previously unselected package libcdio19t64:amd64.
2026-09-15T17:43:54.4076107Z Preparing to unpack .../074-libcdio19t64_2.1.0-4.1ubuntu1.2_amd64.deb ...
2026-09-15T17:43:54.4085746Z Unpacking libcdio19t64:amd64 (2.1.0-4.1ubuntu1.2) ...
2026-09-15T17:43:54.4294468Z Selecting previously unselected package libcdio-cdda2t64:amd64.
2026-09-15T17:43:54.4394746Z Preparing to unpack .../075-libcdio-cdda2t64_10.2+2.0.1-1.1build2_amd64.deb ...
2026-09-15T17:43:54.4404223Z Unpacking libcdio-cdda2t64:amd64 (10.2+2.0.1-1.1build2) ...
2026-09-15T17:43:54.4671612Z Selecting previously unselected package libcdio-paranoia2t64:amd64.
2026-09-15T17:43:54.4774721Z Preparing to unpack .../076-libcdio-paranoia2t64_10.2+2.0.1-1.1build2_amd64.deb ...
2026-09-15T17:43:54.4949137Z Unpacking libcdio-paranoia2t64:amd64 (10.2+2.0.1-1.1build2) ...
2026-09-15T17:43:54.5727902Z Selecting previously unselected package libdc1394-25:amd64.
2026-09-15T17:43:54.5827614Z Preparing to unpack .../077-libdc1394-25_2.2.6-4build1_amd64.deb ...
2026-09-15T17:43:54.5849793Z Unpacking libdc1394-25:amd64 (2.2.6-4build1) ...
2026-09-15T17:43:54.6208908Z Selecting previously unselected package libiec61883-0:amd64.
2026-09-15T17:43:54.6308106Z Preparing to unpack .../078-libiec61883-0_1.2.0-6build1_amd64.deb ...
2026-09-15T17:43:54.6323785Z Unpacking libiec61883-0:amd64 (1.2.0-6build1) ...
2026-09-15T17:43:54.6527867Z Selecting previously unselected package libjack-jackd2-0:amd64.
2026-09-15T17:43:54.6628107Z Preparing to unpack .../079-libjack-jackd2-0_1.9.21~dfsg-3ubuntu3_amd64.deb ...
2026-09-15T17:43:54.6637605Z Unpacking libjack-jackd2-0:amd64 (1.9.21~dfsg-3ubuntu3) ...
2026-09-15T17:43:54.7216633Z Selecting previously unselected package libopenal-data.
2026-09-15T17:43:54.7316781Z Preparing to unpack .../080-libopenal-data_1%3a1.23.1-4build1_all.deb ...
2026-09-15T17:43:54.7325497Z Unpacking libopenal-data (1:1.23.1-4build1) ...
2026-09-15T17:43:54.7875076Z Selecting previously unselected package libsndio7.0:amd64.
2026-09-15T17:43:54.7977858Z Preparing to unpack .../081-libsndio7.0_1.9.0-0.3build3_amd64.deb ...
2026-09-15T17:43:54.7991812Z Unpacking libsndio7.0:amd64 (1.9.0-0.3build3) ...
2026-09-15T17:43:54.8508105Z Selecting previously unselected package libopenal1:amd64.
2026-09-15T17:43:54.8610765Z Preparing to unpack .../082-libopenal1_1%3a1.23.1-4build1_amd64.deb ...
2026-09-15T17:43:54.8715663Z Unpacking libopenal1:amd64 (1:1.23.1-4build1) ...
2026-09-15T17:43:54.9369146Z Selecting previously unselected package libdecor-0-0:amd64.
2026-09-15T17:43:54.9470766Z Preparing to unpack .../083-libdecor-0-0_0.2.2-1build2_amd64.deb ...
2026-09-15T17:43:54.9480601Z Unpacking libdecor-0-0:amd64 (0.2.2-1build2) ...
2026-09-15T17:43:54.9964219Z Selecting previously unselected package libsdl2-2.0-0:amd64.
2026-09-15T17:43:55.0064889Z Preparing to unpack .../084-libsdl2-2.0-0_2.30.0+dfsg-1ubuntu3.1_amd64.deb ...
2026-09-15T17:43:55.1036258Z Unpacking libsdl2-2.0-0:amd64 (2.30.0+dfsg-1ubuntu3.1) ...
2026-09-15T17:43:55.1458710Z Selecting previously unselected package libxcb-shape0:amd64.
2026-09-15T17:43:55.1559626Z Preparing to unpack .../085-libxcb-shape0_1.15-1ubuntu2_amd64.deb ...
2026-09-15T17:43:55.1570908Z Unpacking libxcb-shape0:amd64 (1.15-1ubuntu2) ...
2026-09-15T17:43:55.1807332Z Selecting previously unselected package libxv1:amd64.
2026-09-15T17:43:55.1907886Z Preparing to unpack .../086-libxv1_2%3a1.0.11-1.1build1_amd64.deb ...
2026-09-15T17:43:55.1921015Z Unpacking libxv1:amd64 (2:1.0.11-1.1build1) ...
2026-09-15T17:43:55.2127507Z Selecting previously unselected package libavdevice60:amd64.
2026-09-15T17:43:55.2228841Z Preparing to unpack .../087-libavdevice60_7%3a6.1.1-3ubuntu5_amd64.deb ...
2026-09-15T17:43:55.2285485Z Unpacking libavdevice60:amd64 (7:6.1.1-3ubuntu5) ...
2026-09-15T17:43:55.4006186Z Selecting previously unselected package ffmpeg.
2026-09-15T17:43:55.4104500Z Preparing to unpack .../088-ffmpeg_7%3a6.1.1-3ubuntu5_amd64.deb ...
2026-09-15T17:43:55.5605647Z Unpacking ffmpeg (7:6.1.1-3ubuntu5) ...
2026-09-15T17:43:55.6527172Z Selecting previously unselected package fonts-noto-mono.
2026-09-15T17:43:55.6625110Z Preparing to unpack .../089-fonts-noto-mono_20201225-2_all.deb ...
2026-09-15T17:43:55.6633221Z Unpacking fonts-noto-mono (20201225-2) ...
2026-09-15T17:43:55.6897382Z Selecting previously unselected package xfonts-encodings.
2026-09-15T17:43:55.6984174Z Preparing to unpack .../090-xfonts-encodings_1%3a1.0.5-0ubuntu2_all.deb ...
2026-09-15T17:43:55.6994350Z Unpacking xfonts-encodings (1:1.0.5-0ubuntu2) ...
2026-09-15T17:43:55.7699918Z Selecting previously unselected package xfonts-utils.
2026-09-15T17:43:55.7796258Z Preparing to unpack .../091-xfonts-utils_1%3a7.7+6build3_amd64.deb ...
2026-09-15T17:43:55.7808136Z Unpacking xfonts-utils (1:7.7+6build3) ...
2026-09-15T17:43:55.8198054Z Selecting previously unselected package fonts-urw-base35.
2026-09-15T17:43:55.8299637Z Preparing to unpack .../092-fonts-urw-base35_20200910-8_all.deb ...
2026-09-15T17:43:55.8818269Z Unpacking fonts-urw-base35 (20200910-8) ...
2026-09-15T17:43:56.1234019Z Selecting previously unselected package libgs-common.
2026-09-15T17:43:56.1335400Z Preparing to unpack .../093-libgs-common_10.02.1~dfsg1-0ubuntu7.8_all.deb ...
2026-09-15T17:43:56.1660793Z Unpacking libgs-common (10.02.1~dfsg1-0ubuntu7.8) ...
2026-09-15T17:43:56.2333848Z Selecting previously unselected package libgs10-common.
2026-09-15T17:43:56.2432923Z Preparing to unpack .../094-libgs10-common_10.02.1~dfsg1-0ubuntu7.8_all.deb ...
2026-09-15T17:43:56.2457864Z Unpacking libgs10-common (10.02.1~dfsg1-0ubuntu7.8) ...
2026-09-15T17:43:56.3327811Z Selecting previously unselected package libidn12:amd64.
2026-09-15T17:43:56.3428948Z Preparing to unpack .../095-libidn12_1.42-1ubuntu0.1_amd64.deb ...
2026-09-15T17:43:56.3440460Z Unpacking libidn12:amd64 (1.42-1ubuntu0.1) ...
2026-09-15T17:43:56.3695209Z Selecting previously unselected package libijs-0.35:amd64.
2026-09-15T17:43:56.3797643Z Preparing to unpack .../096-libijs-0.35_0.35-15.1build1_amd64.deb ...
2026-09-15T17:43:56.3810741Z Unpacking libijs-0.35:amd64 (0.35-15.1build1) ...
2026-09-15T17:43:56.4220343Z Selecting previously unselected package libjbig2dec0:amd64.
2026-09-15T17:43:56.4321515Z Preparing to unpack .../097-libjbig2dec0_0.20-1ubuntu0.24.04.1_amd64.deb ...
2026-09-15T17:43:56.4332978Z Unpacking libjbig2dec0:amd64 (0.20-1ubuntu0.24.04.1) ...
2026-09-15T17:43:56.4593394Z Selecting previously unselected package libpaper1:amd64.
2026-09-15T17:43:56.4696943Z Preparing to unpack .../098-libpaper1_1.1.29build1_amd64.deb ...
2026-09-15T17:43:56.4705327Z Unpacking libpaper1:amd64 (1.1.29build1) ...
2026-09-15T17:43:56.4920026Z Selecting previously unselected package libgs10:amd64.
2026-09-15T17:43:56.5021573Z Preparing to unpack .../099-libgs10_10.02.1~dfsg1-0ubuntu7.8_amd64.deb ...
2026-09-15T17:43:56.5030650Z Unpacking libgs10:amd64 (10.02.1~dfsg1-0ubuntu7.8) ...
2026-09-15T17:43:56.8742563Z Selecting previously unselected package ghostscript.
2026-09-15T17:43:56.8838715Z Preparing to unpack .../100-ghostscript_10.02.1~dfsg1-0ubuntu7.8_amd64.deb ...
2026-09-15T17:43:56.8847586Z Unpacking ghostscript (10.02.1~dfsg1-0ubuntu7.8) ...
2026-09-15T17:43:57.1437553Z Selecting previously unselected package imagemagick-6.q16.
2026-09-15T17:43:57.1540320Z Preparing to unpack .../101-imagemagick-6.q16_8%3a6.9.12.98+dfsg1-5.2build2_amd64.deb ...
2026-09-15T17:43:57.1558030Z Unpacking imagemagick-6.q16 (8:6.9.12.98+dfsg1-5.2build2) ...
2026-09-15T17:43:57.2500112Z Selecting previously unselected package imagemagick.
2026-09-15T17:43:57.2604036Z Preparing to unpack .../102-imagemagick_8%3a6.9.12.98+dfsg1-5.2build2_amd64.deb ...
2026-09-15T17:43:57.2611728Z Unpacking imagemagick (8:6.9.12.98+dfsg1-5.2build2) ...
2026-09-15T17:43:57.2804504Z Selecting previously unselected package libigdgmm12:amd64.
2026-09-15T17:43:57.2903596Z Preparing to unpack .../103-libigdgmm12_22.3.17+ds1-1ubuntu1_amd64.deb ...
2026-09-15T17:43:57.2913117Z Unpacking libigdgmm12:amd64 (22.3.17+ds1-1ubuntu1) ...
2026-09-15T17:43:57.4024821Z Selecting previously unselected package intel-media-va-driver:amd64.
2026-09-15T17:43:57.4119593Z Preparing to unpack .../104-intel-media-va-driver_24.1.0+dfsg1-1ubuntu0.2_amd64.deb ...
2026-09-15T17:43:57.4129018Z Unpacking intel-media-va-driver:amd64 (24.1.0+dfsg1-1ubuntu0.2) ...
2026-09-15T17:43:57.5278219Z Selecting previously unselected package libaacs0:amd64.
2026-09-15T17:43:57.5377361Z Preparing to unpack .../105-libaacs0_0.11.1-2build1_amd64.deb ...
2026-09-15T17:43:57.5406950Z Unpacking libaacs0:amd64 (0.11.1-2build1) ...
2026-09-15T17:43:57.6403539Z Selecting previously unselected package libbdplus0:amd64.
2026-09-15T17:43:57.6500416Z Preparing to unpack .../106-libbdplus0_0.2.0-3build1_amd64.deb ...
2026-09-15T17:43:57.6533264Z Unpacking libbdplus0:amd64 (0.2.0-3build1) ...
2026-09-15T17:43:57.6743846Z Selecting previously unselected package libdecor-0-plugin-1-gtk:amd64.
2026-09-15T17:43:57.6844524Z Preparing to unpack .../107-libdecor-0-plugin-1-gtk_0.2.2-1build2_amd64.deb ...
2026-09-15T17:43:57.6854142Z Unpacking libdecor-0-plugin-1-gtk:amd64 (0.2.2-1build2) ...
2026-09-15T17:43:57.7707949Z Selecting previously unselected package libdjvulibre-text.
2026-09-15T17:43:57.7807701Z Preparing to unpack .../108-libdjvulibre-text_3.5.28-2ubuntu0.24.04.2_all.deb ...
2026-09-15T17:43:57.8465106Z Unpacking libdjvulibre-text (3.5.28-2ubuntu0.24.04.2) ...
2026-09-15T17:43:57.8866176Z Selecting previously unselected package libdjvulibre21:amd64.
2026-09-15T17:43:57.8968601Z Preparing to unpack .../109-libdjvulibre21_3.5.28-2ubuntu0.24.04.2_amd64.deb ...
2026-09-15T17:43:57.8977635Z Unpacking libdjvulibre21:amd64 (3.5.28-2ubuntu0.24.04.2) ...
2026-09-15T17:43:57.9241983Z Selecting previously unselected package libimath-3-1-29t64:amd64.
2026-09-15T17:43:57.9341155Z Preparing to unpack .../110-libimath-3-1-29t64_3.1.9-3.1ubuntu2_amd64.deb ...
2026-09-15T17:43:57.9350730Z Unpacking libimath-3-1-29t64:amd64 (3.1.9-3.1ubuntu2) ...
2026-09-15T17:43:57.9624267Z Selecting previously unselected package libjxr0t64:amd64.
2026-09-15T17:43:57.9725183Z Preparing to unpack .../111-libjxr0t64_1.2~git20170615.f752187-5.1ubuntu2_amd64.deb ...
2026-09-15T17:43:57.9733946Z Unpacking libjxr0t64:amd64 (1.2~git20170615.f752187-5.1ubuntu2) ...
2026-09-15T17:43:57.9943318Z Selecting previously unselected package libjxr-tools.
2026-09-15T17:43:58.0042881Z Preparing to unpack .../112-libjxr-tools_1.2~git20170615.f752187-5.1ubuntu2_amd64.deb ...
2026-09-15T17:43:58.0052292Z Unpacking libjxr-tools (1.2~git20170615.f752187-5.1ubuntu2) ...
2026-09-15T17:43:58.0764314Z Selecting previously unselected package libopenexr-3-1-30:amd64.
2026-09-15T17:43:58.0867608Z Preparing to unpack .../113-libopenexr-3-1-30_3.1.5-5.1build3_amd64.deb ...
2026-09-15T17:43:58.0877275Z Unpacking libopenexr-3-1-30:amd64 (3.1.5-5.1build3) ...
2026-09-15T17:43:58.1263425Z Selecting previously unselected package libwmflite-0.2-7:amd64.
2026-09-15T17:43:58.1364761Z Preparing to unpack .../114-libwmflite-0.2-7_0.2.13-1.1build3_amd64.deb ...
2026-09-15T17:43:58.1375620Z Unpacking libwmflite-0.2-7:amd64 (0.2.13-1.1build3) ...
2026-09-15T17:43:58.1591254Z Selecting previously unselected package libmagickcore-6.q16-7-extra:amd64.
2026-09-15T17:43:58.1694390Z Preparing to unpack .../115-libmagickcore-6.q16-7-extra_8%3a6.9.12.98+dfsg1-5.2build2_amd64.deb ...
2026-09-15T17:43:58.1703871Z Unpacking libmagickcore-6.q16-7-extra:amd64 (8:6.9.12.98+dfsg1-5.2build2) ...
2026-09-15T17:43:58.1995594Z Selecting previously unselected package libnetpbm11t64:amd64.
2026-09-15T17:43:58.2097104Z Preparing to unpack .../116-libnetpbm11t64_2%3a11.05.02-1.1build1_amd64.deb ...
2026-09-15T17:43:58.2106526Z Unpacking libnetpbm11t64:amd64 (2:11.05.02-1.1build1) ...
2026-09-15T17:43:58.2382300Z Selecting previously unselected package libpaper-utils.
2026-09-15T17:43:58.2483723Z Preparing to unpack .../117-libpaper-utils_1.1.29build1_amd64.deb ...
2026-09-15T17:43:58.2493980Z Unpacking libpaper-utils (1.1.29build1) ...
2026-09-15T17:43:58.3545179Z Selecting previously unselected package librsvg2-common:amd64.
2026-09-15T17:43:58.3646753Z Preparing to unpack .../118-librsvg2-common_2.58.0+dfsg-1build1_amd64.deb ...
2026-09-15T17:43:58.3655228Z Unpacking librsvg2-common:amd64 (2.58.0+dfsg-1build1) ...
2026-09-15T17:43:58.4101184Z Selecting previously unselected package mesa-va-drivers:amd64.
2026-09-15T17:43:58.4204151Z Preparing to unpack .../119-mesa-va-drivers_25.2.8-0ubuntu0.24.04.2_amd64.deb ...
2026-09-15T17:43:58.4213965Z Unpacking mesa-va-drivers:amd64 (25.2.8-0ubuntu0.24.04.2) ...
2026-09-15T17:43:58.4426151Z Selecting previously unselected package mesa-vdpau-drivers:amd64.
2026-09-15T17:43:58.4528840Z Preparing to unpack .../120-mesa-vdpau-drivers_25.2.8-0ubuntu0.24.04.2_amd64.deb ...
2026-09-15T17:43:58.4542082Z Unpacking mesa-vdpau-drivers:amd64 (25.2.8-0ubuntu0.24.04.2) ...
2026-09-15T17:43:58.4750957Z Selecting previously unselected package netpbm.
2026-09-15T17:43:58.4852092Z Preparing to unpack .../121-netpbm_2%3a11.05.02-1.1build1_amd64.deb ...
2026-09-15T17:43:58.4863664Z Unpacking netpbm (2:11.05.02-1.1build1) ...
2026-09-15T17:43:58.7264611Z Selecting previously unselected package i965-va-driver:amd64.
2026-09-15T17:43:58.7426416Z Preparing to unpack .../122-i965-va-driver_2.4.1+dfsg1-1ubuntu0.2_amd64.deb ...
2026-09-15T17:43:58.7451805Z Unpacking i965-va-driver:amd64 (2.4.1+dfsg1-1ubuntu0.2) ...
2026-09-15T17:43:58.8973775Z Selecting previously unselected package va-driver-all:amd64.
2026-09-15T17:43:58.9082816Z Preparing to unpack .../123-va-driver-all_2.20.0-2ubuntu0.2_amd64.deb ...
2026-09-15T17:43:58.9093909Z Unpacking va-driver-all:amd64 (2.20.0-2ubuntu0.2) ...
2026-09-15T17:43:58.9289912Z Selecting previously unselected package vdpau-driver-all:amd64.
2026-09-15T17:43:58.9391643Z Preparing to unpack .../124-vdpau-driver-all_1.5-2build1_amd64.deb ...
2026-09-15T17:43:58.9488543Z Unpacking vdpau-driver-all:amd64 (1.5-2build1) ...
2026-09-15T17:43:58.9678328Z Selecting previously unselected package pocketsphinx-en-us.
2026-09-15T17:43:58.9777902Z Preparing to unpack .../125-pocketsphinx-en-us_0.8.0+real5prealpha+1-15ubuntu5_all.deb ...
2026-09-15T17:43:58.9786681Z Unpacking pocketsphinx-en-us (0.8.0+real5prealpha+1-15ubuntu5) ...
2026-09-15T17:43:59.3497726Z Setting up libgme0:amd64 (0.6.3-7build1) ...
2026-09-15T17:43:59.5568920Z Setting up libchromaprint1:amd64 (1.5.1-5) ...
2026-09-15T17:43:59.5659287Z Setting up libssh-gcrypt-4:amd64 (0.10.6-2ubuntu0.5) ...
2026-09-15T17:43:59.5703403Z Setting up libhwy1t64:amd64 (1.0.7-8.1build1) ...
2026-09-15T17:43:59.5724668Z Setting up libudfread0:amd64 (1.1.2-1build1) ...
2026-09-15T17:43:59.5749318Z Setting up libpaper1:amd64 (1.1.29build1) ...
2026-09-15T17:43:59.9126543Z 
2026-09-15T17:43:59.9127218Z Creating config file /etc/papersize with new version
2026-09-15T17:44:00.0245533Z Setting up libraw1394-11:amd64 (2.1.2-2build3) ...
2026-09-15T17:44:00.0273201Z Setting up libspeex1:amd64 (1.2.1-2ubuntu2.24.04.1) ...
2026-09-15T17:44:00.0298332Z Setting up fonts-noto-mono (20201225-2) ...
2026-09-15T17:44:00.0338095Z Setting up libshine3:amd64 (3.1.1-2build1) ...
2026-09-15T17:44:00.0360345Z Setting up libcaca0:amd64 (0.99.beta20-4ubuntu0.2) ...
2026-09-15T17:44:00.0385348Z Setting up libvpl2 (2023.3.0-1build1) ...
2026-09-15T17:44:00.1252033Z Setting up libwmflite-0.2-7:amd64 (0.2.13-1.1build3) ...
2026-09-15T17:44:00.1303610Z Setting up libx264-164:amd64 (2:0.164.3108+git31e19f9-1) ...
2026-09-15T17:44:00.1326729Z Setting up libtwolame0:amd64 (0.4.0-2build3) ...
2026-09-15T17:44:00.1353377Z Setting up libmbedcrypto7t64:amd64 (2.28.8-1) ...
2026-09-15T17:44:00.1382468Z Setting up libgsm1:amd64 (1.0.22-1build1) ...
2026-09-15T17:44:00.1426116Z Setting up libsoxr0:amd64 (0.1.3-4build3) ...
2026-09-15T17:44:00.1691715Z Setting up libzix-0-0:amd64 (0.4.2-2build1) ...
2026-09-15T17:44:00.1726168Z Setting up libcodec2-1.2:amd64 (1.2.0-2build1) ...
2026-09-15T17:44:00.1749306Z Setting up libijs-0.35:amd64 (0.35-15.1build1) ...
2026-09-15T17:44:00.1789268Z Setting up libgs-common (10.02.1~dfsg1-0ubuntu7.8) ...
2026-09-15T17:44:00.1820564Z Setting up libmysofa1:amd64 (1.3.2+dfsg-2ubuntu2) ...
2026-09-15T17:44:00.2458955Z Setting up libxcb-shape0:amd64 (1.15-1ubuntu2) ...
2026-09-15T17:44:00.2480978Z Setting up libcdio19t64:amd64 (2.1.0-4.1ubuntu1.2) ...
2026-09-15T17:44:00.2506906Z Setting up libsvtav1enc1d1:amd64 (1.7.0+dfsg-2build1) ...
2026-09-15T17:44:00.3534083Z Setting up libpaper-utils (1.1.29build1) ...
2026-09-15T17:44:00.4668015Z Setting up libigdgmm12:amd64 (22.3.17+ds1-1ubuntu1) ...
2026-09-15T17:44:00.4814870Z Setting up libmpg123-0t64:amd64 (1.32.5-1ubuntu1.1) ...
2026-09-15T17:44:00.5164298Z Setting up libcjson1:amd64 (1.7.17-1) ...
2026-09-15T17:44:00.5187410Z Setting up libxvidcore4:amd64 (2:1.3.7-1build1) ...
2026-09-15T17:44:00.5250329Z Setting up libnetpbm11t64:amd64 (2:11.05.02-1.1build1) ...
2026-09-15T17:44:00.5278492Z Setting up librav1e0:amd64 (0.7.1-2) ...
2026-09-15T17:44:00.5302283Z Setting up poppler-data (0.4.12-1) ...
2026-09-15T17:44:00.5409418Z Setting up libcdio-cdda2t64:amd64 (10.2+2.0.1-1.1build2) ...
2026-09-15T17:44:00.5430643Z Setting up librist4:amd64 (0.2.10+dfsg-2) ...
2026-09-15T17:44:00.5454728Z Setting up librsvg2-2:amd64 (2.58.0+dfsg-1build1) ...
2026-09-15T17:44:00.5477402Z Setting up libblas3:amd64 (3.12.0-3build1.1) ...
2026-09-15T17:44:00.5530950Z update-alternatives: using /usr/lib/x86_64-linux-gnu/blas/libblas.so.3 to provide /usr/lib/x86_64-linux-gnu/libblas.so.3 (libblas.so.3-x86_64-linux-gnu) in auto mode
2026-09-15T17:44:00.5562257Z Setting up libplacebo338:amd64 (6.338.2-2build1) ...
2026-09-15T17:44:00.5586065Z Setting up libjxr0t64:amd64 (1.2~git20170615.f752187-5.1ubuntu2) ...
2026-09-15T17:44:00.5608410Z Setting up libva2:amd64 (2.20.0-2ubuntu0.2) ...
2026-09-15T17:44:00.5638714Z Setting up libjbig2dec0:amd64 (0.20-1ubuntu0.24.04.1) ...
2026-09-15T17:44:00.5671643Z Setting up xfonts-encodings (1:1.0.5-0ubuntu2) ...
2026-09-15T17:44:00.5694144Z Setting up libopus0:amd64 (1.4-1build1) ...
2026-09-15T17:44:00.5728338Z Setting up libcdio-paranoia2t64:amd64 (10.2+2.0.1-1.1build2) ...
2026-09-15T17:44:00.5759912Z Setting up libdc1394-25:amd64 (2.2.6-4build1) ...
2026-09-15T17:44:00.5784423Z Setting up intel-media-va-driver:amd64 (24.1.0+dfsg1-1ubuntu0.2) ...
2026-09-15T17:44:00.5821300Z Setting up libxv1:amd64 (2:1.0.11-1.1build1) ...
2026-09-15T17:44:00.5871011Z Setting up libimath-3-1-29t64:amd64 (3.1.9-3.1ubuntu2) ...
2026-09-15T17:44:00.5899353Z Setting up libidn12:amd64 (1.42-1ubuntu0.1) ...
2026-09-15T17:44:00.6466042Z Setting up libunibreak5:amd64 (5.1-2build1) ...
2026-09-15T17:44:00.6497309Z Setting up libaacs0:amd64 (0.11.1-2build1) ...
2026-09-15T17:44:00.6521523Z Setting up libjxl0.7:amd64 (0.7.0-10.2ubuntu6.1) ...
2026-09-15T17:44:00.6550342Z Setting up librsvg2-common:amd64 (2.58.0+dfsg-1build1) ...
2026-09-15T17:44:00.7148736Z Setting up netpbm (2:11.05.02-1.1build1) ...
2026-09-15T17:44:00.7176625Z Setting up pocketsphinx-en-us (0.8.0+real5prealpha+1-15ubuntu5) ...
2026-09-15T17:44:00.7203841Z Setting up libx265-199:amd64 (3.5-2build1) ...
2026-09-15T17:44:00.7232401Z Setting up libsndio7.0:amd64 (1.9.0-0.3build3) ...
2026-09-15T17:44:00.7260403Z Setting up imagemagick-6.q16 (8:6.9.12.98+dfsg1-5.2build2) ...
2026-09-15T17:44:00.7324595Z update-alternatives: using /usr/bin/compare-im6.q16 to provide /usr/bin/compare (compare) in auto mode
2026-09-15T17:44:00.7363450Z update-alternatives: using /usr/bin/compare-im6.q16 to provide /usr/bin/compare-im6 (compare-im6) in auto mode
2026-09-15T17:44:00.7410513Z update-alternatives: using /usr/bin/animate-im6.q16 to provide /usr/bin/animate (animate) in auto mode
2026-09-15T17:44:00.7463844Z update-alternatives: using /usr/bin/animate-im6.q16 to provide /usr/bin/animate-im6 (animate-im6) in auto mode
2026-09-15T17:44:00.7803362Z update-alternatives: using /usr/bin/convert-im6.q16 to provide /usr/bin/convert (convert) in auto mode
2026-09-15T17:44:00.7844054Z update-alternatives: using /usr/bin/convert-im6.q16 to provide /usr/bin/convert-im6 (convert-im6) in auto mode
2026-09-15T17:44:00.7890559Z update-alternatives: using /usr/bin/composite-im6.q16 to provide /usr/bin/composite (composite) in auto mode
2026-09-15T17:44:00.7927577Z update-alternatives: using /usr/bin/composite-im6.q16 to provide /usr/bin/composite-im6 (composite-im6) in auto mode
2026-09-15T17:44:00.7974995Z update-alternatives: using /usr/bin/conjure-im6.q16 to provide /usr/bin/conjure (conjure) in auto mode
2026-09-15T17:44:00.8012781Z update-alternatives: using /usr/bin/conjure-im6.q16 to provide /usr/bin/conjure-im6 (conjure-im6) in auto mode
2026-09-15T17:44:00.8064657Z update-alternatives: using /usr/bin/import-im6.q16 to provide /usr/bin/import (import) in auto mode
2026-09-15T17:44:00.8110197Z update-alternatives: using /usr/bin/import-im6.q16 to provide /usr/bin/import-im6 (import-im6) in auto mode
2026-09-15T17:44:00.8158414Z update-alternatives: using /usr/bin/identify-im6.q16 to provide /usr/bin/identify (identify) in auto mode
2026-09-15T17:44:00.8195347Z update-alternatives: using /usr/bin/identify-im6.q16 to provide /usr/bin/identify-im6 (identify-im6) in auto mode
2026-09-15T17:44:00.8242210Z update-alternatives: using /usr/bin/stream-im6.q16 to provide /usr/bin/stream (stream) in auto mode
2026-09-15T17:44:00.8280286Z update-alternatives: using /usr/bin/stream-im6.q16 to provide /usr/bin/stream-im6 (stream-im6) in auto mode
2026-09-15T17:44:00.8331279Z update-alternatives: using /usr/bin/display-im6.q16 to provide /usr/bin/display (display) in auto mode
2026-09-15T17:44:00.8369361Z update-alternatives: using /usr/bin/display-im6.q16 to provide /usr/bin/display-im6 (display-im6) in auto mode
2026-09-15T17:44:00.8417805Z update-alternatives: using /usr/bin/montage-im6.q16 to provide /usr/bin/montage (montage) in auto mode
2026-09-15T17:44:00.9042214Z update-alternatives: using /usr/bin/montage-im6.q16 to provide /usr/bin/montage-im6 (montage-im6) in auto mode
2026-09-15T17:44:00.9483234Z update-alternatives: using /usr/bin/mogrify-im6.q16 to provide /usr/bin/mogrify (mogrify) in auto mode
2026-09-15T17:44:00.9835072Z update-alternatives: using /usr/bin/mogrify-im6.q16 to provide /usr/bin/mogrify-im6 (mogrify-im6) in auto mode
2026-09-15T17:44:00.9857455Z Setting up libbdplus0:amd64 (0.2.0-3build1) ...
2026-09-15T17:44:00.9882199Z Setting up libvidstab1.1:amd64 (1.1.0-2build1) ...
2026-09-15T17:44:00.9905411Z Setting up libvpx9:amd64 (1.14.0-1ubuntu2.3) ...
2026-09-15T17:44:01.0745307Z Setting up libsrt1.5-gnutls:amd64 (1.5.3-1build2) ...
2026-09-15T17:44:01.0813317Z Setting up libflite1:amd64 (2.2-6build3) ...
2026-09-15T17:44:01.0842121Z Setting up libdav1d7:amd64 (1.4.1-1build1) ...
2026-09-15T17:44:01.0866394Z Setting up libva-drm2:amd64 (2.20.0-2ubuntu0.2) ...
2026-09-15T17:44:01.1207454Z Setting up ocl-icd-libopencl1:amd64 (2.3.2-1build1) ...
2026-09-15T17:44:01.1238425Z Setting up libasyncns0:amd64 (0.8-6build4) ...
2026-09-15T17:44:01.1260008Z Setting up libvdpau1:amd64 (1.5-2build1) ...
2026-09-15T17:44:01.1294108Z Setting up libbs2b0:amd64 (3.1.0+dfsg-7build1) ...
2026-09-15T17:44:01.2136633Z Setting up libtheora0:amd64 (1.1.1+dfsg.1-16.1build3) ...
2026-09-15T17:44:01.2160093Z Setting up libdecor-0-0:amd64 (0.2.2-1build2) ...
2026-09-15T17:44:01.2282470Z Setting up libzimg2:amd64 (3.0.5+ds1-1build1) ...
2026-09-15T17:44:01.2321892Z Setting up libopenal-data (1:1.23.1-4build1) ...
2026-09-15T17:44:01.2357190Z Setting up libflac12t64:amd64 (1.4.3+ds-2.1ubuntu2) ...
2026-09-15T17:44:01.2381052Z Setting up fonts-droid-fallback (1:6.0.1r16-1.1build1) ...
2026-09-15T17:44:01.3243272Z Setting up libdjvulibre-text (3.5.28-2ubuntu0.24.04.2) ...
2026-09-15T17:44:01.3304820Z Setting up mesa-va-drivers:amd64 (25.2.8-0ubuntu0.24.04.2) ...
2026-09-15T17:44:01.3372866Z Setting up libbluray2:amd64 (1:1.3.4-1build1) ...
2026-09-15T17:44:01.3399737Z Setting up libsamplerate0:amd64 (0.2.2-4build1) ...
2026-09-15T17:44:01.3559952Z Setting up libva-x11-2:amd64 (2.20.0-2ubuntu0.2) ...
2026-09-15T17:44:01.3679369Z Setting up libdecor-0-plugin-1-gtk:amd64 (0.2.2-1build2) ...
2026-09-15T17:44:01.3699999Z Setting up libopenmpt0t64:amd64 (0.7.3-1.1build3) ...
2026-09-15T17:44:01.4439212Z Setting up libzvbi-common (0.2.42-2) ...
2026-09-15T17:44:01.4595861Z Setting up libmp3lame0:amd64 (3.100-6build1) ...
2026-09-15T17:44:01.4617724Z Setting up i965-va-driver:amd64 (2.4.1+dfsg1-1ubuntu0.2) ...
2026-09-15T17:44:01.4642492Z Setting up libvorbisenc2:amd64 (1.3.7-1build3) ...
2026-09-15T17:44:01.4665693Z Setting up libiec61883-0:amd64 (1.2.0-6build1) ...
2026-09-15T17:44:01.4687922Z Setting up libserd-0-0:amd64 (0.32.2-1) ...
2026-09-15T17:44:01.4710730Z Setting up libavc1394-0:amd64 (0.5.4-5build3) ...
2026-09-15T17:44:01.4733944Z Setting up mesa-vdpau-drivers:amd64 (25.2.8-0ubuntu0.24.04.2) ...
2026-09-15T17:44:01.4757845Z Setting up liblapack3:amd64 (3.12.0-3build1.1) ...
2026-09-15T17:44:01.4815556Z update-alternatives: using /usr/lib/x86_64-linux-gnu/lapack/liblapack.so.3 to provide /usr/lib/x86_64-linux-gnu/liblapack.so.3 (liblapack.so.3-x86_64-linux-gnu) in auto mode
2026-09-15T17:44:01.5175807Z Setting up libjxr-tools (1.2~git20170615.f752187-5.1ubuntu2) ...
2026-09-15T17:44:01.5200290Z Setting up libzvbi0t64:amd64 (0.2.42-2) ...
2026-09-15T17:44:01.5224278Z Setting up libdjvulibre21:amd64 (3.5.28-2ubuntu0.24.04.2) ...
2026-09-15T17:44:01.5247447Z Setting up libavutil58:amd64 (7:6.1.1-3ubuntu5) ...
2026-09-15T17:44:01.7651175Z Setting up libopenal1:amd64 (1:1.23.1-4build1) ...
2026-09-15T17:44:01.7732871Z Setting up xfonts-utils (1:7.7+6build3) ...
2026-09-15T17:44:01.7788279Z Setting up libass9:amd64 (1:0.17.1-2build1) ...
2026-09-15T17:44:01.7812804Z Setting up libswresample4:amd64 (7:6.1.1-3ubuntu5) ...
2026-09-15T17:44:01.7835386Z Setting up va-driver-all:amd64 (2.20.0-2ubuntu0.2) ...
2026-09-15T17:44:01.7860594Z Setting up libopenexr-3-1-30:amd64 (3.1.5-5.1build3) ...
2026-09-15T17:44:01.7886045Z Setting up imagemagick (8:6.9.12.98+dfsg1-5.2build2) ...
2026-09-15T17:44:01.7909300Z Setting up libavcodec60:amd64 (7:6.1.1-3ubuntu5) ...
2026-09-15T17:44:01.7931552Z Setting up librubberband2:amd64 (3.3.0+dfsg-2build1) ...
2026-09-15T17:44:01.8263557Z Setting up libjack-jackd2-0:amd64 (1.9.21~dfsg-3ubuntu3) ...
2026-09-15T17:44:01.8285986Z Setting up vdpau-driver-all:amd64 (1.5-2build1) ...
2026-09-15T17:44:01.8310571Z Setting up libsord-0-0:amd64 (0.16.16-2build1) ...
2026-09-15T17:44:01.9626187Z Setting up libpostproc57:amd64 (7:6.1.1-3ubuntu5) ...
2026-09-15T17:44:02.0496042Z Setting up libsratom-0-0:amd64 (0.6.16-1build1) ...
2026-09-15T17:44:02.0521477Z Setting up libmagickcore-6.q16-7-extra:amd64 (8:6.9.12.98+dfsg1-5.2build2) ...
2026-09-15T17:44:02.0548798Z Setting up libsndfile1:amd64 (1.2.2-1ubuntu5.24.04.1) ...
2026-09-15T17:44:02.0578729Z Setting up liblilv-0-0:amd64 (0.24.22-1build1) ...
2026-09-15T17:44:02.0603440Z Setting up libswscale7:amd64 (7:6.1.1-3ubuntu5) ...
2026-09-15T17:44:02.0627571Z Setting up libpulse0:amd64 (1:16.1+dfsg1-2ubuntu10.1) ...
2026-09-15T17:44:02.0955807Z Setting up libavformat60:amd64 (7:6.1.1-3ubuntu5) ...
2026-09-15T17:44:02.0980900Z Setting up fonts-urw-base35 (20200910-8) ...
2026-09-15T17:44:02.4966819Z Setting up libsphinxbase3t64:amd64 (0.8+5prealpha+1-17build2) ...
2026-09-15T17:44:02.5829224Z Setting up libsdl2-2.0-0:amd64 (2.30.0+dfsg-1ubuntu3.1) ...
2026-09-15T17:44:02.7403726Z Setting up libgs10-common (10.02.1~dfsg1-0ubuntu7.8) ...
2026-09-15T17:44:02.7630155Z Setting up libpocketsphinx3:amd64 (0.8.0+real5prealpha+1-15ubuntu5) ...
2026-09-15T17:44:02.7662950Z Setting up libgs10:amd64 (10.02.1~dfsg1-0ubuntu7.8) ...
2026-09-15T17:44:02.7695673Z Setting up ghostscript (10.02.1~dfsg1-0ubuntu7.8) ...
2026-09-15T17:44:02.7758489Z Setting up libavfilter9:amd64 (7:6.1.1-3ubuntu5) ...
2026-09-15T17:44:02.7801452Z Setting up libavdevice60:amd64 (7:6.1.1-3ubuntu5) ...
2026-09-15T17:44:02.7824829Z Setting up ffmpeg (7:6.1.1-3ubuntu5) ...
2026-09-15T17:44:02.7862114Z Processing triggers for hicolor-icon-theme (0.17-2) ...
2026-09-15T17:44:04.4739286Z Processing triggers for libc-bin (2.39-0ubuntu8.8) ...
2026-09-15T17:44:08.4603809Z Processing triggers for man-db (2.12.0-4build2) ...
2026-09-15T17:44:08.4626372Z Not building database; man-db/auto-update is not 'true'.
2026-09-15T17:44:08.4641010Z Processing triggers for libgdk-pixbuf-2.0-0:amd64 (2.42.10+dfsg-3ubuntu3.3) ...
2026-09-15T17:44:08.5228874Z Processing triggers for fontconfig (2.15.0-1.1ubuntu2) ...
2026-09-15T17:44:09.4805266Z 
2026-09-15T17:44:09.4805786Z Running kernel seems to be up-to-date.
2026-09-15T17:44:09.4806028Z 
2026-09-15T17:44:09.4806132Z No services need to be restarted.
2026-09-15T17:44:09.4806294Z 
2026-09-15T17:44:09.4806430Z No containers need to be restarted.
2026-09-15T17:44:09.4806607Z 
2026-09-15T17:44:09.4806723Z No user sessions are running outdated binaries.
2026-09-15T17:44:09.4806922Z 
2026-09-15T17:44:09.4807108Z No VM guests are running outdated hypervisor (qemu) binaries on this host.
2026-09-15T17:44:10.5506253Z ##[group]Run python -m pip install --upgrade pip
2026-09-15T17:44:10.5506495Z [36;1mpython -m pip install --upgrade pip[0m
2026-09-15T17:44:10.5506667Z [36;1mpip install -r requirements.txt[0m
2026-09-15T17:44:10.5542861Z shell: /usr/bin/bash -e {0}
2026-09-15T17:44:10.5543012Z env:
2026-09-15T17:44:10.5543174Z   pythonLocation: /opt/hostedtoolcache/Python/3.12.14/x64
2026-09-15T17:44:10.5543415Z   PKG_CONFIG_PATH: /opt/hostedtoolcache/Python/3.12.14/x64/lib/pkgconfig
2026-09-15T17:44:10.5543649Z   Python_ROOT_DIR: /opt/hostedtoolcache/Python/3.12.14/x64
2026-09-15T17:44:10.5543861Z   Python2_ROOT_DIR: /opt/hostedtoolcache/Python/3.12.14/x64
2026-09-15T17:44:10.5544079Z   Python3_ROOT_DIR: /opt/hostedtoolcache/Python/3.12.14/x64
2026-09-15T17:44:10.5544446Z   LD_LIBRARY_PATH: /opt/hostedtoolcache/Python/3.12.14/x64/lib
2026-09-15T17:44:10.5544624Z ##[endgroup]
2026-09-15T17:44:16.4032215Z Requirement already satisfied: pip in /opt/hostedtoolcache/Python/3.12.14/x64/lib/python3.12/site-packages (26.2.1)
2026-09-15T17:44:17.2154754Z Collecting google-genai (from -r requirements.txt (line 1))
2026-09-15T17:44:17.2567497Z   Downloading google_genai-2.23.0-py3-none-any.whl.metadata (56 kB)
2026-09-15T17:44:17.3730428Z Collecting edge-tts (from -r requirements.txt (line 2))
2026-09-15T17:44:17.3765214Z   Downloading edge_tts-7.2.8-py3-none-any.whl.metadata (5.5 kB)
2026-09-15T17:44:17.4770394Z Collecting moviepy (from -r requirements.txt (line 3))
2026-09-15T17:44:17.4801479Z   Downloading moviepy-2.2.1-py3-none-any.whl.metadata (6.9 kB)
2026-09-15T17:44:17.5932697Z Collecting requests (from -r requirements.txt (line 4))
2026-09-15T17:44:17.5966914Z   Downloading requests-2.34.2-py3-none-any.whl.metadata (4.8 kB)
2026-09-15T17:44:17.6091702Z Collecting python-dotenv (from -r requirements.txt (line 5))
2026-09-15T17:44:17.6124662Z   Downloading python_dotenv-1.2.3-py3-none-any.whl.metadata (29 kB)
2026-09-15T17:44:17.8357650Z Collecting imageio-ffmpeg (from -r requirements.txt (line 6))
2026-09-15T17:44:17.8390108Z   Downloading imageio_ffmpeg-0.6.0-py3-none-manylinux2014_x86_64.whl.metadata (1.5 kB)
2026-09-15T17:44:17.9601026Z Collecting Pillow (from -r requirements.txt (line 7))
2026-09-15T17:44:17.9636028Z   Downloading pillow-12.3.0-cp312-cp312-manylinux_2_27_x86_64.manylinux_2_28_x86_64.whl.metadata (9.1 kB)
2026-09-15T17:44:18.0727375Z Collecting anyio<5.0.0,>=4.8.0 (from google-genai->-r requirements.txt (line 1))
2026-09-15T17:44:18.0759958Z   Downloading anyio-4.15.1-py3-none-any.whl.metadata (4.7 kB)
2026-09-15T17:44:18.3098680Z Collecting google-auth<3.0.0,>=2.56.0 (from google-auth[requests]<3.0.0,>=2.56.0->google-genai->-r requirements.txt (line 1))
2026-09-15T17:44:18.3131833Z   Downloading google_auth-2.58.0-py3-none-any.whl.metadata (6.0 kB)
2026-09-15T17:44:18.3997045Z Collecting httpx<1.0.0,>=0.28.1 (from google-genai->-r requirements.txt (line 1))
2026-09-15T17:44:18.4027268Z   Downloading httpx-0.28.1-py3-none-any.whl.metadata (7.1 kB)
2026-09-15T17:44:18.5428949Z Collecting pydantic<3.0.0,>=2.12.5 (from google-genai->-r requirements.txt (line 1))
2026-09-15T17:44:18.5460075Z   Downloading pydantic-2.13.5-py3-none-any.whl.metadata (110 kB)
2026-09-15T17:44:18.5627620Z Collecting tenacity<9.2.0,>=8.2.3 (from google-genai->-r requirements.txt (line 1))
2026-09-15T17:44:18.5657887Z   Downloading tenacity-9.1.4-py3-none-any.whl.metadata (1.2 kB)
2026-09-15T17:44:18.6422694Z Collecting websockets<17.0,>=13.0.0 (from google-genai->-r requirements.txt (line 1))
2026-09-15T17:44:18.6455261Z   Downloading websockets-16.1.1-cp312-cp312-manylinux1_x86_64.manylinux_2_28_x86_64.manylinux_2_5_x86_64.whl.metadata (6.8 kB)
2026-09-15T17:44:18.7092861Z Collecting typing-extensions<5.0.0,>=4.14.0 (from google-genai->-r requirements.txt (line 1))
2026-09-15T17:44:18.7124194Z   Downloading typing_extensions-4.16.0-py3-none-any.whl.metadata (3.3 kB)
2026-09-15T17:44:18.7215975Z Collecting distro<2,>=1.7.0 (from google-genai->-r requirements.txt (line 1))
2026-09-15T17:44:18.7247311Z   Downloading distro-1.9.0-py3-none-any.whl.metadata (6.8 kB)
2026-09-15T17:44:18.7341971Z Collecting sniffio (from google-genai->-r requirements.txt (line 1))
2026-09-15T17:44:18.7372385Z   Downloading sniffio-1.3.1-py3-none-any.whl.metadata (3.9 kB)
2026-09-15T17:44:18.8593017Z Collecting charset_normalizer<4,>=2 (from requests->-r requirements.txt (line 4))
2026-09-15T17:44:18.8629339Z   Downloading charset_normalizer-3.5.1-cp312-cp312-manylinux2014_x86_64.manylinux_2_17_x86_64.manylinux_2_28_x86_64.whl.metadata (45 kB)
2026-09-15T17:44:19.0417063Z Collecting idna<4,>=2.5 (from requests->-r requirements.txt (line 4))
2026-09-15T17:44:19.0458515Z   Downloading idna-3.19-py3-none-any.whl.metadata (9.2 kB)
2026-09-15T17:44:19.0617105Z Collecting urllib3<3,>=1.26 (from requests->-r requirements.txt (line 4))
2026-09-15T17:44:19.0654569Z   Downloading urllib3-2.7.0-py3-none-any.whl.metadata (6.9 kB)
2026-09-15T17:44:19.1741660Z Collecting certifi>=2023.5.7 (from requests->-r requirements.txt (line 4))
2026-09-15T17:44:19.1772916Z   Downloading certifi-2026.7.22-py3-none-any.whl.metadata (2.5 kB)
2026-09-15T17:44:19.1947065Z Collecting pyasn1-modules>=0.2.1 (from google-auth<3.0.0,>=2.56.0->google-auth[requests]<3.0.0,>=2.56.0->google-genai->-r requirements.txt (line 1))
2026-09-15T17:44:19.1978023Z   Downloading pyasn1_modules-0.4.2-py3-none-any.whl.metadata (3.5 kB)
2026-09-15T17:44:19.4736322Z Collecting cryptography>=38.0.3 (from google-auth<3.0.0,>=2.56.0->google-auth[requests]<3.0.0,>=2.56.0->google-genai->-r requirements.txt (line 1))
2026-09-15T17:44:19.4770354Z   Downloading cryptography-50.0.1-cp311-abi3-manylinux_2_34_x86_64.whl.metadata (4.3 kB)
2026-09-15T17:44:19.9120695Z Collecting httpcore==1.* (from httpx<1.0.0,>=0.28.1->google-genai->-r requirements.txt (line 1))
2026-09-15T17:44:19.9153928Z   Downloading httpcore-1.0.9-py3-none-any.whl.metadata (21 kB)
2026-09-15T17:44:19.9356809Z Collecting h11>=0.16 (from httpcore==1.*->httpx<1.0.0,>=0.28.1->google-genai->-r requirements.txt (line 1))
2026-09-15T17:44:19.9386731Z   Downloading h11-0.16.0-py3-none-any.whl.metadata (8.3 kB)
2026-09-15T17:44:20.0233888Z Collecting annotated-types>=0.6.0 (from pydantic<3.0.0,>=2.12.5->google-genai->-r requirements.txt (line 1))
2026-09-15T17:44:20.0266183Z   Downloading annotated_types-0.8.0-py3-none-any.whl.metadata (15 kB)
2026-09-15T17:44:20.4507882Z Collecting pydantic-core==2.46.5 (from pydantic<3.0.0,>=2.12.5->google-genai->-r requirements.txt (line 1))
2026-09-15T17:44:20.4540639Z   Downloading pydantic_core-2.46.5-cp312-cp312-manylinux_2_17_x86_64.manylinux2014_x86_64.whl.metadata (6.6 kB)
2026-09-15T17:44:20.5723907Z Collecting typing-inspection>=0.4.2 (from pydantic<3.0.0,>=2.12.5->google-genai->-r requirements.txt (line 1))
2026-09-15T17:44:20.5755304Z   Downloading typing_inspection-0.4.4-py3-none-any.whl.metadata (2.6 kB)
2026-09-15T17:44:21.0113944Z Collecting aiohttp<4.0.0,>=3.8.0 (from edge-tts->-r requirements.txt (line 2))
2026-09-15T17:44:21.0151315Z   Downloading aiohttp-3.14.3-cp312-cp312-manylinux2014_x86_64.manylinux_2_17_x86_64.manylinux_2_28_x86_64.whl.metadata (8.3 kB)
2026-09-15T17:44:21.1509399Z Collecting tabulate<1.0.0,>=0.4.4 (from edge-tts->-r requirements.txt (line 2))
2026-09-15T17:44:21.1539698Z   Downloading tabulate-0.10.0-py3-none-any.whl.metadata (40 kB)
2026-09-15T17:44:21.2606254Z Collecting aiohappyeyeballs>=2.5.0 (from aiohttp<4.0.0,>=3.8.0->edge-tts->-r requirements.txt (line 2))
2026-09-15T17:44:21.2638302Z   Downloading aiohappyeyeballs-2.7.1-py3-none-any.whl.metadata (5.9 kB)
2026-09-15T17:44:21.4135809Z Collecting aiosignal>=1.4.0 (from aiohttp<4.0.0,>=3.8.0->edge-tts->-r requirements.txt (line 2))
2026-09-15T17:44:21.4170116Z   Downloading aiosignal-1.4.0-py3-none-any.whl.metadata (3.7 kB)
2026-09-15T17:44:21.7050469Z Collecting attrs>=17.3.0 (from aiohttp<4.0.0,>=3.8.0->edge-tts->-r requirements.txt (line 2))
2026-09-15T17:44:21.7079899Z   Downloading attrs-26.1.0-py3-none-any.whl.metadata (8.8 kB)
2026-09-15T17:44:21.7853475Z Collecting frozenlist>=1.1.1 (from aiohttp<4.0.0,>=3.8.0->edge-tts->-r requirements.txt (line 2))
2026-09-15T17:44:21.7885011Z   Downloading frozenlist-1.8.0-cp312-cp312-manylinux1_x86_64.manylinux_2_28_x86_64.manylinux_2_5_x86_64.whl.metadata (20 kB)
2026-09-15T17:44:22.0265998Z Collecting multidict<7.0,>=4.5 (from aiohttp<4.0.0,>=3.8.0->edge-tts->-r requirements.txt (line 2))
2026-09-15T17:44:22.0300079Z   Downloading multidict-6.8.0-cp312-cp312-manylinux2014_x86_64.manylinux_2_17_x86_64.manylinux_2_28_x86_64.whl.metadata (5.3 kB)
2026-09-15T17:44:22.4165206Z Collecting propcache>=0.2.0 (from aiohttp<4.0.0,>=3.8.0->edge-tts->-r requirements.txt (line 2))
2026-09-15T17:44:22.4197864Z   Downloading propcache-0.5.2-cp312-cp312-manylinux2014_x86_64.manylinux_2_17_x86_64.manylinux_2_28_x86_64.whl.metadata (16 kB)
2026-09-15T17:44:22.8774712Z Collecting yarl<2.0,>=1.17.0 (from aiohttp<4.0.0,>=3.8.0->edge-tts->-r requirements.txt (line 2))
2026-09-15T17:44:22.8806391Z   Downloading yarl-1.24.5-cp312-cp312-manylinux2014_x86_64.manylinux_2_17_x86_64.manylinux_2_28_x86_64.whl.metadata (103 kB)
2026-09-15T17:44:23.0419310Z Collecting decorator<6.0,>=4.0.2 (from moviepy->-r requirements.txt (line 3))
2026-09-15T17:44:23.0453579Z   Downloading decorator-5.3.1-py3-none-any.whl.metadata (3.9 kB)
2026-09-15T17:44:23.0604731Z Collecting imageio<3.0,>=2.5 (from moviepy->-r requirements.txt (line 3))
2026-09-15T17:44:23.0639680Z   Downloading imageio-2.37.4-py3-none-any.whl.metadata (9.6 kB)
2026-09-15T17:44:23.7090478Z Collecting numpy>=1.25.0 (from moviepy->-r requirements.txt (line 3))
2026-09-15T17:44:23.7125379Z   Downloading numpy-2.5.3-cp312-cp312-manylinux_2_27_x86_64.manylinux_2_28_x86_64.whl.metadata (6.6 kB)
2026-09-15T17:44:23.8217696Z Collecting proglog<=1.0.0 (from moviepy->-r requirements.txt (line 3))
2026-09-15T17:44:23.8247228Z   Downloading proglog-0.1.12-py3-none-any.whl.metadata (794 bytes)
2026-09-15T17:44:23.8296510Z Collecting Pillow (from -r requirements.txt (line 7))
2026-09-15T17:44:23.8892472Z   Downloading pillow-11.3.0-cp312-cp312-manylinux_2_27_x86_64.manylinux_2_28_x86_64.whl.metadata (9.0 kB)
2026-09-15T17:44:24.1695343Z Collecting tqdm (from proglog<=1.0.0->moviepy->-r requirements.txt (line 3))
2026-09-15T17:44:24.1728110Z   Downloading tqdm-4.70.1-py3-none-any.whl.metadata (57 kB)
2026-09-15T17:44:24.3269668Z Collecting cffi>=2.0.0 (from cryptography>=38.0.3->google-auth<3.0.0,>=2.56.0->google-auth[requests]<3.0.0,>=2.56.0->google-genai->-r requirements.txt (line 1))
2026-09-15T17:44:24.3304461Z   Downloading cffi-2.1.1-cp312-cp312-manylinux2014_x86_64.manylinux_2_17_x86_64.whl.metadata (2.5 kB)
2026-09-15T17:44:24.4943643Z Collecting pycparser (from cffi>=2.0.0->cryptography>=38.0.3->google-auth<3.0.0,>=2.56.0->google-auth[requests]<3.0.0,>=2.56.0->google-genai->-r requirements.txt (line 1))
2026-09-15T17:44:24.4977593Z   Downloading pycparser-3.0-py3-none-any.whl.metadata (8.2 kB)
2026-09-15T17:44:24.5206978Z Collecting pyasn1<0.7.0,>=0.6.1 (from pyasn1-modules>=0.2.1->google-auth<3.0.0,>=2.56.0->google-auth[requests]<3.0.0,>=2.56.0->google-genai->-r requirements.txt (line 1))
2026-09-15T17:44:24.5241035Z   Downloading pyasn1-0.6.4-py3-none-any.whl.metadata (8.4 kB)
2026-09-15T17:44:24.5334899Z Downloading google_genai-2.23.0-py3-none-any.whl (1.1 MB)
2026-09-15T17:44:24.5438574Z    ââââââââââââââââââââââââââââââââââââââââ 1.1/1.1 MB 131.5 MB/s  0:00:00
2026-09-15T17:44:24.5471335Z Downloading requests-2.34.2-py3-none-any.whl (73 kB)
2026-09-15T17:44:24.5522317Z Downloading anyio-4.15.1-py3-none-any.whl (132 kB)
2026-09-15T17:44:24.6072036Z Downloading charset_normalizer-3.5.1-cp312-cp312-manylinux2014_x86_64.manylinux_2_17_x86_64.manylinux_2_28_x86_64.whl (248 kB)
2026-09-15T17:44:24.6299845Z Downloading distro-1.9.0-py3-none-any.whl (20 kB)
2026-09-15T17:44:24.6706558Z Downloading google_auth-2.58.0-py3-none-any.whl (262 kB)
2026-09-15T17:44:24.6760601Z Downloading httpx-0.28.1-py3-none-any.whl (73 kB)
2026-09-15T17:44:24.6809142Z Downloading httpcore-1.0.9-py3-none-any.whl (78 kB)
2026-09-15T17:44:24.6857304Z Downloading idna-3.19-py3-none-any.whl (68 kB)
2026-09-15T17:44:24.8137374Z Downloading pydantic-2.13.5-py3-none-any.whl (472 kB)
2026-09-15T17:44:25.1055143Z Downloading pydantic_core-2.46.5-cp312-cp312-manylinux_2_17_x86_64.manylinux2014_x86_64.whl (2.1 MB)
2026-09-15T17:44:25.1179880Z    ââââââââââââââââââââââââââââââââââââââââ 2.1/2.1 MB 171.4 MB/s  0:00:00
2026-09-15T17:44:25.1239823Z Downloading tenacity-9.1.4-py3-none-any.whl (28 kB)
2026-09-15T17:44:25.1374024Z Downloading typing_extensions-4.16.0-py3-none-any.whl (45 kB)
2026-09-15T17:44:25.1442184Z Downloading urllib3-2.7.0-py3-none-any.whl (131 kB)
2026-09-15T17:44:25.1537145Z Downloading websockets-16.1.1-cp312-cp312-manylinux1_x86_64.manylinux_2_28_x86_64.manylinux_2_5_x86_64.whl (187 kB)
2026-09-15T17:44:25.1644803Z Downloading edge_tts-7.2.8-py3-none-any.whl (31 kB)
2026-09-15T17:44:25.1761157Z Downloading aiohttp-3.14.3-cp312-cp312-manylinux2014_x86_64.manylinux_2_17_x86_64.manylinux_2_28_x86_64.whl (1.8 MB)
2026-09-15T17:44:25.1885446Z    ââââââââââââââââââââââââââââââââââââââââ 1.8/1.8 MB 161.2 MB/s  0:00:00
2026-09-15T17:44:25.1924170Z Downloading multidict-6.8.0-cp312-cp312-manylinux2014_x86_64.manylinux_2_17_x86_64.manylinux_2_28_x86_64.whl (287 kB)
2026-09-15T17:44:25.2000636Z Downloading tabulate-0.10.0-py3-none-any.whl (39 kB)
2026-09-15T17:44:25.2054261Z Downloading yarl-1.24.5-cp312-cp312-manylinux2014_x86_64.manylinux_2_17_x86_64.manylinux_2_28_x86_64.whl (109 kB)
2026-09-15T17:44:25.2195886Z Downloading moviepy-2.2.1-py3-none-any.whl (129 kB)
2026-09-15T17:44:25.2277423Z Downloading pillow-11.3.0-cp312-cp312-manylinux_2_27_x86_64.manylinux_2_28_x86_64.whl (6.6 MB)
2026-09-15T17:44:25.4588643Z    ââââââââââââââââââââââââââââââââââââââââ 6.6/6.6 MB 28.1 MB/s  0:00:00
2026-09-15T17:44:25.4626117Z Downloading decorator-5.3.1-py3-none-any.whl (10 kB)
2026-09-15T17:44:25.4736612Z Downloading imageio-2.37.4-py3-none-any.whl (318 kB)
2026-09-15T17:44:25.4869898Z Downloading proglog-0.1.12-py3-none-any.whl (6.3 kB)
2026-09-15T17:44:25.4920072Z Downloading python_dotenv-1.2.3-py3-none-any.whl (22 kB)
2026-09-15T17:44:25.4973257Z Downloading imageio_ffmpeg-0.6.0-py3-none-manylinux2014_x86_64.whl (29.5 MB)
2026-09-15T17:44:25.7556659Z    ââââââââââââââââââââââââââââââââââââââââ 29.5/29.5 MB 114.1 MB/s  0:00:00
2026-09-15T17:44:25.7590758Z Downloading aiohappyeyeballs-2.7.1-py3-none-any.whl (15 kB)
2026-09-15T17:44:25.7641044Z Downloading aiosignal-1.4.0-py3-none-any.whl (7.5 kB)
2026-09-15T17:44:25.7690548Z Downloading annotated_types-0.8.0-py3-none-any.whl (13 kB)
2026-09-15T17:44:25.7738913Z Downloading attrs-26.1.0-py3-none-any.whl (67 kB)
2026-09-15T17:44:25.7792859Z Downloading certifi-2026.7.22-py3-none-any.whl (136 kB)
2026-09-15T17:44:25.7924079Z Downloading cryptography-50.0.1-cp311-abi3-manylinux_2_34_x86_64.whl (4.7 MB)
2026-09-15T17:44:25.8404975Z    ââââââââââââââââââââââââââââââââââââââââ 4.7/4.7 MB 97.4 MB/s  0:00:00
2026-09-15T17:44:25.8441533Z Downloading cffi-2.1.1-cp312-cp312-manylinux2014_x86_64.manylinux_2_17_x86_64.whl (221 kB)
2026-09-15T17:44:25.8532330Z Downloading frozenlist-1.8.0-cp312-cp312-manylinux1_x86_64.manylinux_2_28_x86_64.manylinux_2_5_x86_64.whl (242 kB)
2026-09-15T17:44:25.9129365Z Downloading h11-0.16.0-py3-none-any.whl (37 kB)
2026-09-15T17:44:25.9266538Z Downloading numpy-2.5.3-cp312-cp312-manylinux_2_27_x86_64.manylinux_2_28_x86_64.whl (16.7 MB)
2026-09-15T17:44:26.0417672Z    ââââââââââââââââââââââââââââââââââââââââ 16.7/16.7 MB 145.3 MB/s  0:00:00
2026-09-15T17:44:26.0452048Z Downloading propcache-0.5.2-cp312-cp312-manylinux2014_x86_64.manylinux_2_17_x86_64.manylinux_2_28_x86_64.whl (61 kB)
2026-09-15T17:44:26.0500732Z Downloading pyasn1_modules-0.4.2-py3-none-any.whl (181 kB)
2026-09-15T17:44:26.0553380Z Downloading pyasn1-0.6.4-py3-none-any.whl (84 kB)
2026-09-15T17:44:26.0617192Z Downloading typing_inspection-0.4.4-py3-none-any.whl (14 kB)
2026-09-15T17:44:26.0682543Z Downloading pycparser-3.0-py3-none-any.whl (48 kB)
2026-09-15T17:44:26.0740822Z Downloading sniffio-1.3.1-py3-none-any.whl (10 kB)
2026-09-15T17:44:26.0786916Z Downloading tqdm-4.70.1-py3-none-any.whl (80 kB)
2026-09-15T17:44:26.2544686Z Installing collected packages: websockets, urllib3, typing-extensions, tqdm, tenacity, tabulate, sniffio, python-dotenv, pycparser, pyasn1, propcache, Pillow, numpy, multidict, imageio-ffmpeg, idna, h11, frozenlist, distro, decorator, charset_normalizer, certifi, attrs, annotated-types, aiohappyeyeballs, yarl, typing-inspection, requests, pydantic-core, pyasn1-modules, proglog, imageio, httpcore, cffi, anyio, aiosignal, pydantic, moviepy, httpx, cryptography, aiohttp, google-auth, edge-tts, google-genai
2026-09-15T17:44:32.0446542Z 
2026-09-15T17:44:32.0471347Z Successfully installed Pillow-11.3.0 aiohappyeyeballs-2.7.1 aiohttp-3.14.3 aiosignal-1.4.0 annotated-types-0.8.0 anyio-4.15.1 attrs-26.1.0 certifi-2026.7.22 cffi-2.1.1 charset_normalizer-3.5.1 cryptography-50.0.1 decorator-5.3.1 distro-1.9.0 edge-tts-7.2.8 frozenlist-1.8.0 google-auth-2.58.0 google-genai-2.23.0 h11-0.16.0 httpcore-1.0.9 httpx-0.28.1 idna-3.19 imageio-2.37.4 imageio-ffmpeg-0.6.0 moviepy-2.2.1 multidict-6.8.0 numpy-2.5.3 proglog-0.1.12 propcache-0.5.2 pyasn1-0.6.4 pyasn1-modules-0.4.2 pycparser-3.0 pydantic-2.13.5 pydantic-core-2.46.5 python-dotenv-1.2.3 requests-2.34.2 sniffio-1.3.1 tabulate-0.10.0 tenacity-9.1.4 tqdm-4.70.1 typing-extensions-4.16.0 typing-inspection-0.4.4 urllib3-2.7.0 websockets-16.1.1 yarl-1.24.5
2026-09-15T17:44:32.3548315Z ##[group]Run python -c "import time, random; delay = random.randint(0, 1800); print(f'Sleeping for {delay//60} minutes and {delay%60} seconds...'); time.sleep(delay)"
2026-09-15T17:44:32.3548910Z [36;1mpython -c "import time, random; delay = random.randint(0, 1800); print(f'Sleeping for {delay//60} minutes and {delay%60} seconds...'); time.sleep(delay)"[0m
2026-09-15T17:44:32.3581661Z shell: /usr/bin/bash -e {0}
2026-09-15T17:44:32.3581834Z env:
2026-09-15T17:44:32.3581995Z   pythonLocation: /opt/hostedtoolcache/Python/3.12.14/x64
2026-09-15T17:44:32.3582242Z   PKG_CONFIG_PATH: /opt/hostedtoolcache/Python/3.12.14/x64/lib/pkgconfig
2026-09-15T17:44:32.3582483Z   Python_ROOT_DIR: /opt/hostedtoolcache/Python/3.12.14/x64
2026-09-15T17:44:32.3582700Z   Python2_ROOT_DIR: /opt/hostedtoolcache/Python/3.12.14/x64
2026-09-15T17:44:32.3582917Z   Python3_ROOT_DIR: /opt/hostedtoolcache/Python/3.12.14/x64
2026-09-15T17:44:32.3583191Z   LD_LIBRARY_PATH: /opt/hostedtoolcache/Python/3.12.14/x64/lib
2026-09-15T17:44:32.3583398Z ##[endgroup]
2026-09-15T17:52:23.3739921Z Sleeping for 7 minutes and 51 seconds...
2026-09-15T17:52:23.3800057Z ##[group]Run python main.py
2026-09-15T17:52:23.3800252Z [36;1mpython main.py[0m
2026-09-15T17:52:23.3831937Z shell: /usr/bin/bash -e {0}
2026-09-15T17:52:23.3832072Z env:
2026-09-15T17:52:23.3832217Z   pythonLocation: /opt/hostedtoolcache/Python/3.12.14/x64
2026-09-15T17:52:23.3832464Z   PKG_CONFIG_PATH: /opt/hostedtoolcache/Python/3.12.14/x64/lib/pkgconfig
2026-09-15T17:52:23.3832697Z   Python_ROOT_DIR: /opt/hostedtoolcache/Python/3.12.14/x64
2026-09-15T17:52:23.3832910Z   Python2_ROOT_DIR: /opt/hostedtoolcache/Python/3.12.14/x64
2026-09-15T17:52:23.3833117Z   Python3_ROOT_DIR: /opt/hostedtoolcache/Python/3.12.14/x64
2026-09-15T17:52:23.3833323Z   LD_LIBRARY_PATH: /opt/hostedtoolcache/Python/3.12.14/x64/lib
2026-09-15T17:52:23.3833500Z   GEMINI_API_KEY: 
2026-09-15T17:52:23.3833612Z   PEXELS_API_KEY: 
2026-09-15T17:52:23.3833724Z   BUFFER_ACCESS_TOKEN: 
2026-09-15T17:52:23.3833842Z   BUFFER_CHANNEL_ID: 
2026-09-15T17:52:23.3833955Z   GITHUB_TOKEN: 
2026-09-15T17:52:23.3834100Z   GITHUB_MEDIA_REPO: 
2026-09-15T17:52:23.3834218Z ##[endgroup]
2026-09-15T17:53:56.7581568Z =================================================================
2026-09-15T17:53:56.7582042Z   BLACKMAN.IN - AUTONOMOUS AI INSTAGRAM REEL ENGINE
2026-09-15T17:53:56.7582339Z   Target Account: @blackman_officialpage
2026-09-15T17:53:56.7582630Z =================================================================
2026-09-15T17:53:56.7582814Z 
2026-09-15T17:53:56.7583389Z [PRE-CLEANUP] Ensuring clean workspace â removing stale assets from previous runs...
2026-09-15T17:53:56.7583770Z   -> Workspace already clean.
2026-09-15T17:53:56.7584046Z   Hook: Your Business Is Losing Clients Daily!
2026-09-15T17:53:56.7584295Z   Query: laptop working
2026-09-15T17:53:56.7585627Z   Script: If you are relying only on Instagram DMs or a slow, outdated website to close deals, you are leaving serious money on the table. Modern buyers judge your credibility in three seconds flat. A custom, fast-loading website turns cold visitors into high-paying clients on autopilot. Stop losing sales to competitors. Visit Blackman.in today and let us build a website that actually grows your business!
2026-09-15T17:53:56.7586842Z 
2026-09-15T17:53:56.7587026Z [COMPOSITOR] Rendering multi-clip Instagram Reel to 'final_reel.mp4'...
2026-09-15T17:53:56.7587616Z 
2026-09-15T17:53:56.7587773Z [VOICEOVER] Synthesizing crisp neural voiceover with Edge-TTS...
2026-09-15T17:53:56.7589128Z   -> Spoken Script: "If you are relying only on Instagram DMs or a slow, outdated website to close deals, you are leaving serious money on the table. Modern buyers judge your credibility in three seconds flat. A custom, fast-loading website turns cold visitors into high-paying clients on autopilot. Stop losing sales to competitors. Visit Blackman.in today and let us build a website that actually grows your business!"
2026-09-15T17:53:56.7590608Z   -> Voiceover saved to voice.mp3 (169344 bytes)
2026-09-15T17:53:56.7590872Z   -> Spoken Audio Duration: 28.22 seconds
2026-09-15T17:53:56.7591032Z 
2026-09-15T17:53:56.7591224Z [PEXELS] Fetching 6 fresh 9:16 portrait stock clips for query: 'laptop working'...
2026-09-15T17:53:56.7591675Z   -> Warning: Network issues downloading stock clips, using fallback canvas.
2026-09-15T17:53:56.7592090Z [BG MUSIC] Downloading fresh royalty-free ambient background track...
2026-09-15T17:53:56.7592652Z   -> CTA banner note (using Pillow fallback): Invalid font Arial-Bold, pillow failed to use it with error cannot open resource
2026-09-15T17:53:56.7593151Z   -> Loading logo.png for watermark overlay...
2026-09-15T17:53:56.7593467Z   -> Logo watermark loaded (150x150px, 85% opacity, top-right).
2026-09-15T17:53:56.7593825Z   -> Pro Reel Rendered Successfully: final_reel.mp4 (509348 bytes)
2026-09-15T17:53:56.7594049Z 
2026-09-15T17:53:56.7594207Z [BUFFER] Publishing Reel to Instagram (@blackman_officialpage)...
2026-09-15T17:53:56.7594626Z   -> [MOCK MODE] BUFFER_ACCESS_TOKEN not configured. Simulated successful publishing.
2026-09-15T17:53:56.7595223Z   -> Instagram Caption:
2026-09-15T17:53:56.7595563Z Is your website actually converting visitors into clients? ð
2026-09-15T17:53:56.7595782Z 
2026-09-15T17:53:56.7595888Z Don't let a slow or outdated site kill your sales.
2026-09-15T17:53:56.7596069Z 
2026-09-15T17:53:56.7596327Z ð Visit Blackman.in or tap the link in bio to get your custom website built today!
2026-09-15T17:53:56.7596603Z 
2026-09-15T17:53:56.7596773Z #webdesign #webdevelopment #smallbusiness #leadgeneration #blackmanin
2026-09-15T17:53:56.7597020Z 
2026-09-15T17:53:56.7597023Z 
2026-09-15T17:53:56.7597195Z [CLEANUP] Removing temporary media assets to maintain fresh workspace...
2026-09-15T17:53:56.7597520Z   -> Removed: voice.mp3
2026-09-15T17:53:56.7597714Z   -> Removed: dummy_video.mp4
2026-09-15T17:53:56.7597920Z   -> Removed: final_reel.mp4
2026-09-15T17:53:56.7598127Z   -> Removed: temp_audio.m4a
2026-09-15T17:53:56.7598364Z   -> Asset cleanup complete (4 files removed, 0 locked).
2026-09-15T17:53:56.7598561Z 
2026-09-15T17:53:56.7598760Z ð Pipeline Execution Completed Successfully for Blackman.in!
2026-09-15T17:53:56.8190487Z Node 20 is being deprecated. This workflow is running with Node 24 by default. If you need to temporarily use Node 20, you can set the ACTIONS_ALLOW_USE_UNSECURE_NODE_VERSION=true environment variable. For more information see: https://github.blog/changelog/2025-09-19-deprecation-of-node-20-on-github-actions-runners/
2026-09-15T17:53:56.8191132Z Post job cleanup.
2026-09-15T17:53:56.9021251Z (node:4258) [DEP0040] DeprecationWarning: The `punycode` module is deprecated. Please use a userland alternative instead.
2026-09-15T17:53:56.9021944Z (Use `node --trace-deprecation ...` to show where the warning was created)
2026-09-15T17:53:56.9184754Z Node 20 is being deprecated. This workflow is running with Node 24 by default. If you need to temporarily use Node 20, you can set the ACTIONS_ALLOW_USE_UNSECURE_NODE_VERSION=true environment variable. For more information see: https://github.blog/changelog/2025-09-19-deprecation-of-node-20-on-github-actions-runners/
2026-09-15T17:53:56.9185886Z Post job cleanup.
2026-09-15T17:53:56.9768109Z [command]/usr/bin/git version
2026-09-15T17:53:56.9800613Z git version 2.55.0
2026-09-15T17:53:56.9825573Z Temporarily overriding HOME='/home/runner/work/_temp/97c8ccec-71fa-4782-ac85-ee25d4b065b2' before making global git config changes
2026-09-15T17:53:56.9826419Z Adding repository directory to the temporary git global config as a safe directory
2026-09-15T17:53:56.9829795Z [command]/usr/bin/git config --global --add safe.directory /home/runner/work/blackman-antigravity/blackman-antigravity
2026-09-15T17:53:56.9864389Z [command]/usr/bin/git config --local --name-only --get-regexp core\.sshCommand
2026-09-15T17:53:56.9899658Z [command]/usr/bin/git submodule foreach --recursive sh -c "git config --local --name-only --get-regexp 'core\.sshCommand' && git config --local --unset-all 'core.sshCommand' || :"
2026-09-15T17:53:57.0095299Z [command]/usr/bin/git config --local --name-only --get-regexp http\.https\:\/\/github\.com\/\.extraheader
2026-09-15T17:53:57.1099743Z http.https://github.com/.extraheader
2026-09-15T17:53:57.1109968Z [command]/usr/bin/git config --local --unset-all http.https://github.com/.extraheader
2026-09-15T17:53:57.1144746Z [command]/usr/bin/git submodule foreach --recursive sh -c "git config --local --name-only --get-regexp 'http\.https\:\/\/github\.com\/\.extraheader' && git config --local --unset-all 'http.https://github.com/.extraheader' || :"
2026-09-15T17:53:57.1358903Z [command]/usr/bin/git config --local --name-only --get-regexp ^includeIf\.gitdir:
2026-09-15T17:53:57.1395622Z [command]/usr/bin/git submodule foreach --recursive git config --local --show-origin --name-only --get-regexp remote.origin.url
2026-09-15T17:53:57.1717292Z Cleaning up orphan processes
2026-09-15T17:53:57.1942475Z ##[warning]Node.js 20 is deprecated. The following actions target Node.js 20 but are being forced to run on Node.js 24: actions/checkout@v4, actions/setup-python@v5. For more information see: https://github.blog/changelog/2025-09-19-deprecation-of-node-20-on-github-actions-runners/
